pool,attacker_key,event_count,total_profit,net_profit
BisonFi,1989zAmZBwkwR6g8S3H8gkDhHRm3P11gpurN7faJqDu,1,0.13,0.117
BisonFi,1aTFUD4BJL3CXAK5NSgDJVR99nVpQrK1BqD5SGSix23,1,0.04,0.036
BisonFi,234yME8PspEqhboswMsJtGRebWsrdLgLwqM7HRmnaiDk,1,0.0,0.0
BisonFi,29RoAoc5ZxuEMAWhfiLgxSh7xBRoZyDjmVckkY4D3ERu,1,0.0,0.0
BisonFi,2B52u2xhQwBub5nLfWP3EsQ9ek2ZkAxvgBV6m9iizX8v,1,0.0,0.0
BisonFi,2EZWAWuv9e4pgcxPZRMmEffDH8q45S573gu5pDRp72HT,1,0.02,0.018
BisonFi,2SvvSFgzM9zEE1Y1vNXorfurtB2eRH3QHpMkpcVTXfrc,1,0.01,0.009
BisonFi,2b4NhGTayvycDf7VvZGd6xpSjs3f7iiRZQSyjs71yJ23,1,0.03,0.027
BisonFi,2dRR9CaNrEsHm3UqZacEf8AoDuDx4NGQyMhGxG71NzkN,1,0.34,0.306
BisonFi,2n78p72RVYbyAiPtzZCNBYjMsEXKRiqfd5zArK8r2tgG,1,0.01,0.009
BisonFi,2npqrs8E9iWPGjRhWp7BsD9nG62xnBm9Av4rWgqF3ZPK,1,0.02,0.018
BisonFi,2snHHreXbpJ7UwZxPe37gnUNf7Wx7wv6UKDSR2JckKuS,1,0.0,0.0
BisonFi,2svZLkuBny8diCa9kApRsHEgtPPtDo7aKasLUyPqUrDd,1,0.0,0.0
BisonFi,2trfSP5P9WuaoCj46Mw6atyBKvNuGHdUmce3T8y4f4MM,1,0.0,0.0
BisonFi,3333JG5dZ1nRDyKwCmrC3HwoevuaFP5L7p3AAjfagggg,1,0.0,0.0
BisonFi,3DeH5H3gLgJA31yCM8ZG8e2z6iZEmAhz3mfxtCZAGgCp,1,0.0,0.0
BisonFi,3NC8bmzCeEK2NBw1G5W6EmR66DNRW3gR22CGMt9EmxrU,1,0.14,0.126
BisonFi,3VCPfHSKNYnnDsTuZWBYmTtSmMVTzTU8u6fbzn7PeWfp,1,0.0,0.0
BisonFi,3ccqanQ7s9T7usEaPh6DcESrjW3MphhwEtDHKNmSxR23,1,0.02,0.018
BisonFi,3xb1APhYyenJhoq6Kpjetps9rsmS8kJAGhXVBHaDyWmL,1,0.04,0.036
BisonFi,4AjDmWKDvDQ2uY5HDPRfoswi6i9kaKvsqvUzLBRrUcdV,1,0.0,0.0
BisonFi,4FU6wrKF8PjLJ37NZ8igU9uEKoS4ue5jtgXYckVi2pCw,1,0.0,0.0
BisonFi,4RvgumbsgRftVLTK1cXGsyXnuGVm42juEMSkRA9JHLNb,1,0.0,0.0
BisonFi,4dC1XCS2R2rqm1TXgq2K2QX4T5eCSYTW5QSu4TJAYh23,1,0.03,0.027
BisonFi,4i3kFLZuutG5fvjg5wvq15n4NPpj12wXCRMyP7TcZbNj,1,0.03,0.027
BisonFi,4nuQicMxNPUbZPFrDSBzzV4Mvc1fKFnc9zPy8JFAcr8v,1,0.0,0.0
BisonFi,4o9Sgxpam1ihEJLPKxpgPfMpgxhXpcGEqPGptLxGJ7yv,1,0.0,0.0
BisonFi,4q7KbhSahHbdxCPzCWVbzJzHopqvVfoD789bu4EwEujM,1,0.0,0.0
BisonFi,4swoALYuvetDK6N3ak1Knc1bMLbm7nzkxCW1nqjPWGRV,1,0.64,0.576
BisonFi,4uo4N7Q6GZS4TZtpXCZVfrUhM7mnkyVUEvkrWWXoCqEv,1,0.0,0.0
BisonFi,5CTXm4kikfpi9TvSJk4DPfgqrqPuN1zrPRWAVEtteCXe,1,0.0,0.0
BisonFi,5UH56M4SmCEnqNb5GrZ7XXx9vSLGJ3xihmLmSrFCk4EL,1,0.02,0.018
BisonFi,5Vb3pMz8CQYpEVbjx1RhqihrycxZ3SPPCMBKQGNcCeYE,1,0.0,0.0
BisonFi,5Y8qP9AavHyG69gTMbJP6v3Cj85VnDimdE1GZtfdV1WL,1,0.03,0.027
BisonFi,5Zm6GraYjpaNCoAnTpWThxzynVZvPM8DdcVvyK9vecKT,1,0.12,0.108
BisonFi,5cU5rbxAcpaGoPyms9jKoXQX5EiZzD3DNmwzbC3qE8Sd,1,0.03,0.027
BisonFi,5ePvEZx19BZxVvF3nu6gQacoBA9mEFV82eGnRNrnhK23,1,0.04,0.036
BisonFi,5hy2dBqoUu8L3MGQvdryhNYDSGDjjWXDadA1g7nSbTg8,1,0.0,0.0
BisonFi,5tkPL9BaSmj3W4YLDCocL41RPeLsw7CAEkWW7ivqF5v1,1,0.01,0.009
BisonFi,5wMHFyCgRrggsKWrvS2zHDHi7V6xfwfSAsZG95LwXYUQ,1,0.03,0.027
BisonFi,61yfAVS257Jgx7oMhUG5uZVZMbcnfuZM3JG3BYgdyfT4,1,0.01,0.009
BisonFi,666zhExqDUnApdhG4YAN7Vw4eTQyc6L988mRTqjqh73t,1,0.01,0.009
BisonFi,68HKBoDYFRK9DsXZgGuP7357D6ASrosHfLZYpvBiLbwK,1,0.02,0.018
BisonFi,6FPgDPwgAY4WskguMZ5t4R8ujCtrCJghRELwBXxyLYCC,1,0.01,0.009
BisonFi,6gRnEaxAPr1hjtwCzrmSAztA4xbHCVNWJSRXh74sXFKJ,1,0.02,0.018
BisonFi,6vYTCxJKoVMZvrthxzGCMLp5xgyJUoWeK3JZNk4H5Aut,1,0.0,0.0
BisonFi,6w56SRhxWCtryzYAv92AVBdaE4oUzZzjXTEsFQ6eTKVN,1,0.01,0.009
BisonFi,71wKmu7jUhSgbo1HGiuA3ShfgAHAJfqZxjMW7HJexyVR,1,0.04,0.036
BisonFi,7CpXUjkEqAb3NRWU9j9bmUZnGrh4nMBsJiX5NwBT5uv3,1,0.0,0.0
BisonFi,7JJ4RrYC4wBb2ZangbVW4XbQenhEbkdoo7vhoWoShYjp,1,0.05,0.045
BisonFi,7JQeyNK55fkUPUmEotupBFpiBGpgEQYLe8Ht1VdSfxcP,1,0.01,0.009
BisonFi,7JXsUz39AF1tMFYoSt6yreujEKFQnEUpQQyzK3Daxr4N,1,0.0,0.0
BisonFi,7N64ZSHtgdqfsGdiYMBjk1Sz3KzGYyJdzVTf1bVZzoUp,1,0.0,0.0
BisonFi,7jN6hUdNBdkK12wVM2iydxx9hzsxUhUppmr99Aeu6cKb,1,0.01,0.009
BisonFi,7rtiKSUDLBm59b1SBmD9oajcP8xE64vAGSMbAN5CXy1q,1,0.0,0.0
BisonFi,7vMSQNwtqUSXLL882rrgkKGBWwUdLyY4CSu25y3hFzz2,1,0.0,0.0
BisonFi,82uGui1spthKWZccMYXcKaRrNREN5a1kBUihfq7gL3bs,1,0.0,0.0
BisonFi,888SGnyhGzqQuuWDVL48tn7xJsAEV259mK9V4YEcUn6f,1,0.02,0.018
BisonFi,88S3zQ4RhahQJSMrusV3sxhZXJewo4oQ3ErNTXaN9VgR,1,0.12,0.108
BisonFi,8B56ppYnCceiSiJRPxyxqp9myggQyUAW2D83JAnp8Leb,1,0.0,0.0
BisonFi,8BqPz57R477iHSEwZpryDh8u6PD6fdmzKK6Wn9AjMnK3,1,0.0,0.0
BisonFi,8WkQfv3rC8kFmjsb5aeX5endDXgb2SktdJfNUgv7wjMF,1,0.0,0.0
BisonFi,8esxfrDpo92xawsCLR8fj6YJYVQjeroYhgUpiu4kEb48,1,0.0,0.0
BisonFi,8jtt2EgUvMLnoCamfRwXyMCF37HTrtcr76VL16Btbwro,1,0.0,0.0
BisonFi,8oKVwqA5S2B7g2Li6yqZ4KKghpER8G1vj3bbeg8dFkSw,1,0.11,0.099
BisonFi,8psNvWTrdNTiVRNzAgsou9kETXNJm2SXZyaKuJraVRtf,1,0.0,0.0
BisonFi,8zrxRCK1HjFNGhsvc7NJXfj2ybPxR3p25FhwFmEeyrAe,1,0.01,0.009
BisonFi,92eSno2a7EqaBrj11tqxwaVTyZcwxhRNKCQsznLzDm25,1,0.05,0.045
BisonFi,99WHBf1vR8XQtMsMKFU3JMh6ZihZSVSGDjVtyABbAM9J,1,0.03,0.027
BisonFi,9ALtCwp8AyhEFd4yQEqKAgL9tpkekpsm46bChZcRMibu,1,0.06,0.054
BisonFi,9CXNmcRzZenixwtzAEVA3Jdo3yC6Hscxcpa4R7tQ6tTV,1,0.0,0.0
BisonFi,9TXFVx8N9dPneS3ETRt8KWtUXLRUsz6j6JM3bEXqkR3Z,1,0.32,0.288
BisonFi,9XLcx4qeRMef4S1uMTsyv5Uv8SAXpo8aE9d97NDxYRvL,1,0.0,0.0
BisonFi,9XUWb3unwaGczFkEJAZiQd2xaZmm6NK68G775JEn2kaZ,1,0.03,0.027
BisonFi,9Xr3Ehn7X3cGGyUmTYSq1nd1HXU3CaF6GJbEG3wQ5Up8,1,0.0,0.0
BisonFi,9bq2UPcp2A5jRAGD2FyA5SipKUnMTS1uvGDLhtA5Ek3y,1,0.0,0.0
BisonFi,9osj5ksZcrYVeft5pjN1KUNpuM9xiZpjLPxtiMHG4AT5,1,0.02,0.018
BisonFi,A3vFkGBrj4MRugemEXWdSFztWgBXi9eQPtD3V28Va7WH,1,0.24,0.216
BisonFi,A8A9GoxfmcjY2QAQ8tYS98SqDBF6hUFDmxAKBsLw29sL,1,0.11,0.099
BisonFi,AAAAhimgGTLkft3X2J8F7U9DAaRhxHGzdedhFtAGeTsR,1,0.0,0.0
BisonFi,AE861PyrYJXm2TuxiMc8Ecwo4YYgAHfcYum3GWpSRFe3,1,0.31,0.279
BisonFi,AE8635syc7jEWkmRfo97ypBd4TwhuZSyvPTsKF3hAFgb,1,0.02,0.018
BisonFi,AEB9dXBoxkrapNd59Kg29JefMMf3M1WLcNA12XjKSf4R,1,0.05,0.045
BisonFi,AECTMxLqHaSL8QznVZSWp3ozuKjzKfRPTy65ZP2jdvvr,1,0.0,0.0
BisonFi,AG2UQKHngd3p6pTLJjS5Bk1eRVAEJAvNA89f6VmJrQUk,1,0.12,0.108
BisonFi,AMPjMXfmSFgL9TzmybUf96ApU3ex5D5DY7sbr7PXunHL,1,0.0,0.0
BisonFi,ARBx73zSiEhM1fDhX2vzQgWLqNiGXuhDZUuZVEuBwJ1m,1,0.02,0.018
BisonFi,ARBx92tyV8htTbEWCRH22tgje5vUeCkZm9p4y6TjJCjN,1,0.01,0.009
BisonFi,ATQs6A92eUzdxTBsQhRJxxJDpgYDTGvLnU4e5mMEfY3k,1,0.26,0.234
BisonFi,AVsBvTv1LPnZn8qkJRzLqRtTU9eHzdp2FueRZWtTNmag,1,0.02,0.018
BisonFi,AXKh1U16oJASHC1cktGt9EVtDKHYraktMYDmrDLjL1Ba,1,0.0,0.0
BisonFi,AdbsNFrDfrxL5KtE1o4KV7yTUHsmQLVaBKuVTtfBYUis,1,0.0,0.0
BisonFi,AgmLJBMDCqWynYnQiPCuj9ewsNNsBJXyzoUhD9LJzN51,1,0.02,0.018
BisonFi,AiH2ff9tN2VKwUXVXJawEmAxWkBTZoPPcZGwHUmihjY8,1,0.03,0.027
BisonFi,An1RKaJEH9yV5fxz5TZea5V1Cz4ebcA8JjTeo1sc4zLU,1,0.01,0.009
BisonFi,BCE9ic3dPTAfX1Y7ccLc8ms2UrHV864RGUZjEL9JubJh,1,0.0,0.0
BisonFi,BE4u3LB3xanMfo1xryxwrsjkMBqLay8qVkCjD8NEWFji,1,0.0,0.0
BisonFi,BL1ovZ6YwMCYanq1m8LRKZM7469z6C5AVyg87zZCiz1a,1,0.0,0.0
BisonFi,BS5HSYqW3QrqbXy6sTLUXdCMkGtq1ZC72dmTPrSuGXZ8,1,0.0,0.0
BisonFi,BWB7Ze1zGMEPN2yM3PsHHA9XRXiLhBbuRDet2uBq8YN9,1,0.0,0.0
BisonFi,BWaQQwcdUVwZzEsiTRrzJ48F6woAB6rkBNzvBqMtC5cG,1,0.01,0.009
BisonFi,BmKQgzKN6moxEXievnPzQdRyxZf7wFboE19roqY3xzr8,1,0.0,0.0
BisonFi,BmbwYxVhrCRo2U1CDqjWSWHAiYDM1uwfi4dHzsY9Yr4B,1,0.04,0.036
BisonFi,Bno15y4FkpvwSeioT8G5f4qtjwAV9dA4hDuJRYPYkgzF,1,0.0,0.0
BisonFi,C2bK8HFrL71aLnpyExVoJmqjDPA9tbLMXcBNAkRQnLfQ,1,0.92,0.828
BisonFi,C9u2k7T22tbM7C53wMWZHKqVJ85eiBdrvjCu6gLvMAhe,1,0.11,0.099
BisonFi,CEEXTqHaqbVriXoW4uvdaPShkMaHg9AWnFXLS1nS887C,1,0.0,0.0
BisonFi,CSAZoZZwdoY42hQMVFHK16fkrub4J3cFsSd4wZtQTSLr,1,0.01,0.009
BisonFi,CatyeC3LgBxub7HcpW2n7cZZZ66CUKdcZ8DzHucHrSiP,1,0.45,0.405
BisonFi,CcUrRBMqrCuMPVfd6sVTBJhyhBA1dE7qDoJkSy95bbcw,1,0.01,0.009
BisonFi,CmKRBBgJimkZpmv7YbbuJERum83mYGoauX79H2Mn72Xd,1,0.0,0.0
BisonFi,CodeP7hrXAAThQyogRLwdKLJ5iTjDfM4nBrYN2QQVzd,1,0.01,0.009
BisonFi,Cr6vUmtz58dtsyDJX2GKbifgYf7zvwgPt9HyJvwMRLL8,1,0.21,0.189
BisonFi,CrhGJknir1ico1Sg6GeJLRQtq7TSArRmQ3TGAm5PEETc,1,0.01,0.009
BisonFi,Cs1Ko5ZwzkRBZUCjkjQSCLEvtt6oCLcZjk7QTstMC8WU,1,0.01,0.009
BisonFi,CwhHRY1Dys5supiVSru4aSCFaqHbtxb3Xvxm4w6g34DR,1,0.0,0.0
BisonFi,DNeVNvNMdP29KGWqdv3umqFAH9QVg5aw1RLNaKNy1Gow,1,0.03,0.027
BisonFi,DkV8QZdg5GH7Bb5NteLJVYCF2mwBSCFt7AcTnmVvTfeW,1,0.48,0.432
BisonFi,E2MPTDnFPNiCRmbJGKYSYew48NWRGVNfHjoiibFP5VL2,1,0.16,0.144
BisonFi,E5UBNwkEH98qzVsxa5GsL29WzyxGmj5fYKRt4wRvXyYp,1,0.03,0.027
BisonFi,EHJEEbh3RaaPWWE2znJBW7kNXEneYAg5XRrXJ2bQtZZk,1,0.0,0.0
BisonFi,EJdrWPg32qHnmc3cwgGRfTrvWpQkDH2vHNGsane6WFGd,1,0.16,0.144
BisonFi,EQvk37i7dCkXCaCsodruGSJ8H9xJe7jru5T8UianJ4Wa,1,0.0,0.0
BisonFi,EXYq2HaS5nTarjzNHVYfcHbAbbLDJTPYkn1Jb5Q6bGz4,1,0.02,0.018
BisonFi,EqtzBY6bExCJVjKrMPUqLPco9ESKRHz5UWHQMUNJetc4,1,0.0,0.0
BisonFi,F4SNL56UHSZA1Zd4fcFsEePVakc6hyUoiMKrr5i51eta,1,0.0,0.0
BisonFi,F7eGhuoAgn2MJuRs5hn8vxadBnoZidaXyNF51j4DDCSH,1,0.02,0.018
BisonFi,F7p3dFrjRTbtRp8FRF6qHLomXbKRBzpvBLjtQcfcgmNe,1,0.01,0.009
BisonFi,F99R3Yw9FzTbiRdqxfSVsTKvoawdE8Sog7KqNtCaKXvq,1,0.0,0.0
BisonFi,FATEorZGqsxg11TmJVRdX5WZ12bQpdS2Va9L7iHWzcHr,1,0.03,0.027
BisonFi,FAzY5522HMCBk8hAwwPmDebLJphMETRwiQq2rXC2dtQw,1,0.06,0.054
BisonFi,FNnGvV1UP8wKwje8kzE7vW1KZF4tMRB7tajKwSt6of6Z,1,0.0,0.0
BisonFi,FNxD1XcrTzjkYXwSqk7HN1U5fAWJ52mdCw6zBzTnWcyT,1,0.0,0.0
BisonFi,FRyPCpj2qZvUQah2SdWX8vGsuN4VfAjY9aBv9qzEiV3e,1,0.0,0.0
BisonFi,FbgR9632h4rvPciZzCHRGNrEaQM9bC2cGgAikJ8HUfS1,1,0.12,0.108
BisonFi,Frib2fa2gpL11ZxSBwjfQpWmvy7pQbHDdFexrp1zoNk7,1,0.0,0.0
BisonFi,GBU3X8mgT7dVQ1XxEQxdUMuEJDzTL88bCZgDB8qQvq34,1,0.01,0.009
BisonFi,GJvewfRjqTUPtx6WsBSUnaFbdgXwgXnWfpDyLm65T4YA,1,0.08,0.072
BisonFi,GTR1mWsjtaqb6ukHFizKt46nJUCV4qbkGze5NEMrSTiT,1,0.02,0.018
BisonFi,GVEzzj9ffwFtQSvuzrKcduPhBuHkWiEytMye94HjfjBq,1,0.01,0.009
BisonFi,GVYEvQGTjRkJh24xuSAud1jCLLGNQMFB8Rzb5hJMcyhd,1,0.0,0.0
BisonFi,GWEddPLAUPLQrmVjywKUuHtkiwkXEzpy7y2wH9wX2Pz2,1,0.0,0.0
BisonFi,GraZ9wjJVEGMQsyz3BwkkRdkJFmDrZw6Bnj3yzciwFEC,1,0.07,0.063
BisonFi,H17btiMiGR1rBNMRm7xecNPiWhpEf1K3FVQa9Hva5cz4,1,0.0,0.0
BisonFi,H4gHARvE6zv8bRK9dA4gVnMkxQzCZNth79hozat1yprW,1,0.0,0.0
BisonFi,HAqLFj9PZ1F5hEbcfLqhGq7F9a3PnKdAg1yr1kZMaSja,1,0.0,0.0
BisonFi,HkY8UaajuRDLJVDUA292FZGRBZKxf9CzYrUZLH2WrY1Q,1,0.04,0.036
BisonFi,Hr1oNgqznfMSx3KDdnsSJWU6LemHZqMZ1r4i81hyLYDN,1,0.05,0.045
BisonFi,HydraXoSz7oE3774DoWQQaofKb31Kbn2cbcqG4ShKy85,1,0.02,0.018
BisonFi,J1CMrMaFHJmG97R7xJYrJxRA3MNt7VyHe8CAEUnsQzre,1,0.17,0.153
BisonFi,J3msQsGuDsyydLUzokVeQpL9PLRofRiLREDrLZqMAgSH,1,0.0,0.0
BisonFi,J8hVkBNKobntWqLspa3yhXEkvb8vZ9S9NiHgirN9yvV3,1,0.36,0.324
BisonFi,JA6br2dFCkmKuiKXCsw5pinx5FrYHqR8eNCMydBp4Qr5,1,0.0,0.0
BisonFi,NcLasxSu3sq921FhBniNniiQVzjSVcQk56nB26WTqG7,1,0.04,0.036
BisonFi,PZnEAXQs8JHjLuGPywZYAzSUqgfs5LjLmV6uh6eByWY,1,0.02,0.018
BisonFi,TAPNDP5dFr9Vp47DFuddRxNVYmjUqgh8boiUrWFgMqi,1,0.18,0.162
BisonFi,V7HFZ2fQa4PrauTRjek3Gz1he2wCFCXctuzU7LwmXBT,1,0.0,0.0
BisonFi,V9MELpz59x9WfUG79KCWeMGL1YV2dAVpmKYAWmNUL3R,1,0.02,0.018
BisonFi,YubQzu18FDqJRyNfG8JqHmsdbxhnoQqcKUHBdUkN6tP,1,2.31,2.079
BisonFi,YubVwWeg1vHFr17Q7HQQETcke7sFvMabqU8wbv8NXQW,1,0.12,0.108
BisonFi,YubozzSnKomEnH3pkmYsdatUUwUTcm7s4mHJVmefEWj,1,0.02,0.018
BisonFi,avqJiqdwHCWGMaDpEUnwZ8iFutj5rzP4sPez9yYyGZL,1,0.0,0.0
BisonFi,b23Ke4utbwr1WcY8onbybJbNQghkNs7RrEC9f69VbJW,1,0.06,0.054
BisonFi,datouWbnKthiYdWN3K2kypTs5YoykXSekSQVmDPoeo6,1,0.03,0.027
BisonFi,enzog436vHy38bMhNR9XDENrvhxPK7y8wBQri852rhG,1,0.32,0.288
BisonFi,foxMFk9faHggM4HWQWETCPSDvMbWx8LSv4c9CrkmBx6,1,0.55,0.495
BisonFi,gasAx5Y917MYdmdnwiomwYDhmDKNGDJnN1MmEbxVdVw,1,0.0,0.0
BisonFi,gasTzr94Pmp4Gf8vknQnqxeYxdgwFjbgdJa4msYRpnB,1,0.0,0.0
BisonFi,ggEzRKFZz4V7wU6mizcUrMqHNB5ptQsLT7sxRkyoe4e,1,0.06,0.054
BisonFi,gtagyESa99t49VmUqnnfsuowYnigSNKuYXdXWyXWNdd,1,0.01,0.009
BisonFi,han5oo9sy98473nuWU7PwkdgpJVFvQEQ14S5CCdbeYQ,1,0.35,0.315
BisonFi,j1oeQoPeuEDmjvyMwBmCWexzCQup77kbKKxV59CnYbd,1,0.01,0.009
BisonFi,jMjhRzuVvkeKxDQDoLJJgcgc3brmBRPzizgJxZANAUU,1,0.04,0.036
BisonFi,k1bWgJv1fdVMCqgDM2jkEfhEzKW7XgGpj8vGGKjgSnJ,1,0.1,0.09
BisonFi,k2btrGEvdgv7UmgVbD7Phci9EGWCo9QPU6T7yga9xs9,1,0.1,0.09
BisonFi,k3bS5WfZ5P2NTgkVSwdbVrveYc25iXiEHYfZfVruBGq,1,0.04,0.036
BisonFi,o721S2ZPSjJTEC9B5HgXdqZFPVq1avjKzRfZpTKjV9g,1,0.04,0.036
BisonFi,rvj7Dc3xGh1eVFw9UTRpkxks9cdYyJd4MQk4Bk9zA9b,1,0.04,0.036
BisonFi,theo9SfM3dKgKFbq4kFVmEXwSQ1pdr61wDqEWXKJpYs,1,0.17,0.153
BisonFi,xUwUxxg5eLEVfowp1ki2we8JWJjukkriVLY39c55nqa,1,0.04,0.036
BisonFi,y23RmrqysEDtAL2MaN81vSoTQu7kCGLE2sCz9XaZBup,1,0.04,0.036
BisonFi,yUwUyoufLrCmjcgURefVzvAfpcaZ2so6be4uDziT9aH,1,0.07,0.063
GoonFi,1989zAmZBwkwR6g8S3H8gkDhHRm3P11gpurN7faJqDu,1,0.15,0.135
GoonFi,1aTFUD4BJL3CXAK5NSgDJVR99nVpQrK1BqD5SGSix23,1,0.06,0.054
GoonFi,1m41vx4LWBa2Ad2S8iTvpuATdtaj3oX1EjzBxXRgtnw,1,0.0,0.0
GoonFi,2EZWAWuv9e4pgcxPZRMmEffDH8q45S573gu5pDRp72HT,1,0.05,0.045
GoonFi,2Q5RrycwL7UsYTnLe3Vkc7wYuhjBa3DUsW3QLMMo9s6p,1,0.0,0.0
GoonFi,2SvvSFgzM9zEE1Y1vNXorfurtB2eRH3QHpMkpcVTXfrc,1,0.0,0.0
GoonFi,2UgESP8oanjGsfk8BPzWKrT32koWjPddMG4by9myxJ4t,1,0.0,0.0
GoonFi,2b4NhGTayvycDf7VvZGd6xpSjs3f7iiRZQSyjs71yJ23,1,0.07,0.063
GoonFi,2dRR9CaNrEsHm3UqZacEf8AoDuDx4NGQyMhGxG71NzkN,1,0.03,0.027
GoonFi,2m4vG7HTvuTSaGdWpGWNw2JHxiybc9kfVrT6GLsysqfZ,1,0.0,0.0
GoonFi,2npqrs8E9iWPGjRhWp7BsD9nG62xnBm9Av4rWgqF3ZPK,1,0.02,0.018
GoonFi,2os3mSvmQrYZLmBPQptKnnewHxCEemf1832F9eAgTNFq,1,0.0,0.0
GoonFi,2snHHreXbpJ7UwZxPe37gnUNf7Wx7wv6UKDSR2JckKuS,1,0.0,0.0
GoonFi,2svZLkuBny8diCa9kApRsHEgtPPtDo7aKasLUyPqUrDd,1,0.02,0.018
GoonFi,3333JG5dZ1nRDyKwCmrC3HwoevuaFP5L7p3AAjfagggg,1,0.0,0.0
GoonFi,33RNjB9VuwvDcnrun76ribrHc9orWJ3z6QfJMhbaAxo4,1,0.0,0.0
GoonFi,36gNcK8KDa6JydCVz82JNsWEFeqB4seBt7xjJFigXtTP,1,0.0,0.0
GoonFi,3AFNCquUPADb8BM8BatnYUJ61YeRsCQ7VngN7kBRj1VF,1,0.0,0.0
GoonFi,3DrFg2NQpeViS2eGN4summWbXeVxxmLgFmJtrzv2L9RS,1,0.0,0.0
GoonFi,3ErbZDeWNZUBmAnnTBNV8djakMSFkLZM9AmDX3eQduFZ,1,0.0,0.0
GoonFi,3NC8bmzCeEK2NBw1G5W6EmR66DNRW3gR22CGMt9EmxrU,1,0.01,0.009
GoonFi,3T8XA77YDpqDh4mVUuFqB11ipWKQgkZUXyviex5MTV4X,1,0.0,0.0
GoonFi,3bhzQj6ijmZxMZYXz8ER9ifemx1w52fHLtvbkKEQ3VrD,1,0.0,0.0
GoonFi,3ccqanQ7s9T7usEaPh6DcESrjW3MphhwEtDHKNmSxR23,1,0.1,0.09
GoonFi,3indrisYbCfcBCVPo1ZX66PdX54LCGzmDfNAsBMvBzpf,1,0.0,0.0
GoonFi,3mhCqKA8GZX9iS9FBzZXFexUKnZXWJUTRst4GFXLARcF,1,0.0,0.0
GoonFi,3tetkYWZVXT4fJmUeeruLB8dp66hhoGcrWwMnRyEtVQh,1,0.0,0.0
GoonFi,3xb1APhYyenJhoq6Kpjetps9rsmS8kJAGhXVBHaDyWmL,1,0.35,0.315
GoonFi,3y7kLXBNtfkUia3VpQKv3HqoSa3PeeoeodUEckGSrshd,1,0.0,0.0
GoonFi,47qGcvnQ6ivbfoccs1Ck56CByhfzoJKd8nA3DzX3jBEh,1,0.01,0.009
GoonFi,48MTZkhu9pgSwFUUn8Xuvasd4BAzoc7C4FMW1DtxdiT5,1,0.004,0.003
GoonFi,4PpqckjugqpjPxNhcfJ3GXgYLRuMK1dQEZswtNPdFKVL,1,0.0,0.0
GoonFi,4SGAeBnoRpov2jzV9XcveWrfwvbVwWa4haJwvg4ZrHkq,1,0.0,0.0
GoonFi,4UyZezzBhyscoQ6YXR8SxGXZWxcApcqY1bUnnGRxDFHV,1,0.0,0.0
GoonFi,4bEkAnJJSXue5REguwVF4TmdWxJ1aLqECMAZ3VPErPh7,1,0.004,0.003
GoonFi,4dC1XCS2R2rqm1TXgq2K2QX4T5eCSYTW5QSu4TJAYh23,1,0.03,0.027
GoonFi,4i3kFLZuutG5fvjg5wvq15n4NPpj12wXCRMyP7TcZbNj,1,0.19,0.171
GoonFi,4o9Sgxpam1ihEJLPKxpgPfMpgxhXpcGEqPGptLxGJ7yv,1,0.01,0.009
GoonFi,4swoALYuvetDK6N3ak1Knc1bMLbm7nzkxCW1nqjPWGRV,1,0.13,0.117
GoonFi,56DjENcFoefzQEogFPVn3JDdsgATuLMHu5byq67b8884,1,0.0,0.0
GoonFi,56Zzf5c9cffkmonsgRTN2vrSmMpdx936BNghe5mWB4iG,1,0.0,0.0
GoonFi,592vvp3ERtTtVCM45JzSN8tvhzeDCSkeVVuBu6D5nJq3,1,0.0,0.0
GoonFi,5MauBjFrhji1zzGVVeAehBhMsYcQvaK4qECxn4hTf7HD,1,0.0,0.0
GoonFi,5UsuSY3z92oWd3sqig7S2AGM4ZjNqQMDTvuvAYy9TZd1,1,0.0,0.0
GoonFi,5Y8qP9AavHyG69gTMbJP6v3Cj85VnDimdE1GZtfdV1WL,1,0.01,0.009
GoonFi,5Zm6GraYjpaNCoAnTpWThxzynVZvPM8DdcVvyK9vecKT,1,0.04,0.036
GoonFi,5cU5rbxAcpaGoPyms9jKoXQX5EiZzD3DNmwzbC3qE8Sd,1,0.01,0.009
GoonFi,5ePvEZx19BZxVvF3nu6gQacoBA9mEFV82eGnRNrnhK23,1,0.07,0.063
GoonFi,5hJBwurbXaNwFJMLuUBxWvLUes3EuwMDKFZDyvzPabXF,1,0.0,0.0
GoonFi,5tkPL9BaSmj3W4YLDCocL41RPeLsw7CAEkWW7ivqF5v1,1,0.01,0.009
GoonFi,5wJB75Bh77nRY6LJRwEM1UifDcaeMDHEFhiwDQqqKCjC,1,0.0,0.0
GoonFi,5y5jCvdD6uTPjWbQtLj8ABQ56jCor2SxURidAqGSyviw,1,0.01,0.009
GoonFi,61yRcZbGkvrK4P1DeJhnvJpxQwmyX9uKjGbwCLWCCKp7,1,0.0,0.0
GoonFi,61yfAVS257Jgx7oMhUG5uZVZMbcnfuZM3JG3BYgdyfT4,1,0.03,0.027
GoonFi,62kW7reD5BUyWiKbbctNWrcUrp2NFPtBin1xUXPNPxsX,1,0.0,0.0
GoonFi,666zhExqDUnApdhG4YAN7Vw4eTQyc6L988mRTqjqh73t,1,0.01,0.009
GoonFi,68HKBoDYFRK9DsXZgGuP7357D6ASrosHfLZYpvBiLbwK,1,0.02,0.018
GoonFi,6FPgDPwgAY4WskguMZ5t4R8ujCtrCJghRELwBXxyLYCC,1,0.02,0.018
GoonFi,6JaeTdsptnzFwbLURBcvnxSVjCMFjnZjzmxNkYR5yviE,1,0.0,0.0
GoonFi,6PNTCGDiSCoN1CbGHQ3H16zksbvWCaS7VbbmMhDGxkve,1,0.0,0.0
GoonFi,6PuWpW9nLAbbRY8WGLBYmBg5c7ZazkAM5pvX5DgkdoDQ,1,0.0,0.0
GoonFi,6TRemHiuyC1JNVZmBAUpBna2zno5Lm4yVuWjyYyBhrdk,1,0.0,0.0
GoonFi,6VW5AkNfGRqyNJPYDGAtrDThRi8Gvxk7US5oCAEPbzh8,1,0.0,0.0
GoonFi,6gRnEaxAPr1hjtwCzrmSAztA4xbHCVNWJSRXh74sXFKJ,1,0.13,0.117
GoonFi,6mjcZ79PThwvoKMZMJ2duH1W115yv7mAqkzRnWUqUvK3,1,0.0,0.0
GoonFi,6weYkSSnjVkivKPpTD5WssemxEgenso61NyaF2LJoA9J,1,0.0,0.0
GoonFi,71wKmu7jUhSgbo1HGiuA3ShfgAHAJfqZxjMW7HJexyVR,1,0.07,0.063
GoonFi,7H7VRYdxdSYFfnLc5DR9WndJF8WPw7XTZtsrSxfAh1Xx,1,0.0,0.0
GoonFi,7JJ4RrYC4wBb2ZangbVW4XbQenhEbkdoo7vhoWoShYjp,1,0.18,0.162
GoonFi,7JQeyNK55fkUPUmEotupBFpiBGpgEQYLe8Ht1VdSfxcP,1,0.0,0.0
GoonFi,7McJRgzstLPRgNmZwZaAqdwHJs4Tq5uNfzCVNk94aB3h,1,0.0,0.0
GoonFi,7RbGR31fFWDd4dSMdNqZkmUEQ5n2rAQnmNCC5NedrKp2,1,0.0,0.0
GoonFi,7dGrdJRYtsNR8UYxZ3TnifXGjGc9eRYLq9sELwYpuuUu,1,0.01,0.009
GoonFi,7jN6hUdNBdkK12wVM2iydxx9hzsxUhUppmr99Aeu6cKb,1,0.0,0.0
GoonFi,7pXnos1ipgGkez8ifQ8yh53pvzYpvqAPRFSLj7QMWtcH,1,0.0,0.0
GoonFi,7u99jpwXA8GM54h9VJqcvvcAjcgpmdU2jP3Xc6JEMRm6,1,0.0,0.0
GoonFi,7xyWd2agtrgcCw3pEcRrEMngzyi53ovXEHvLFvhcUXW4,1,0.0,0.0
GoonFi,888SGnyhGzqQuuWDVL48tn7xJsAEV259mK9V4YEcUn6f,1,0.01,0.009
GoonFi,8BqPz57R477iHSEwZpryDh8u6PD6fdmzKK6Wn9AjMnK3,1,0.0,0.0
GoonFi,8RnuAp7RxM29CE7jzegv5qjBocLRR1vHtxxXWVXnKmZe,1,0.0,0.0
GoonFi,8T2icheSoKw1W1jJYkfozjjWNJCivhWJEt6HSYfbM2PK,1,0.0,0.0
GoonFi,8jtt2EgUvMLnoCamfRwXyMCF37HTrtcr76VL16Btbwro,1,0.02,0.018
GoonFi,8oKVwqA5S2B7g2Li6yqZ4KKghpER8G1vj3bbeg8dFkSw,1,0.17,0.153
GoonFi,8zrxRCK1HjFNGhsvc7NJXfj2ybPxR3p25FhwFmEeyrAe,1,0.0,0.0
GoonFi,92eSno2a7EqaBrj11tqxwaVTyZcwxhRNKCQsznLzDm25,1,0.03,0.027
GoonFi,976sZtchP3h8ptx2u6og6wSMjJCNYuU9pWq3tBYnSpry,1,0.0,0.0
GoonFi,99WHBf1vR8XQtMsMKFU3JMh6ZihZSVSGDjVtyABbAM9J,1,0.0,0.0
GoonFi,9ALtCwp8AyhEFd4yQEqKAgL9tpkekpsm46bChZcRMibu,1,0.1,0.09
GoonFi,9LGjXs2u3c9sVtaJDm22EzyhyzQoPjvaFJHs4LJWg9EB,1,0.0,0.0
GoonFi,9TXFVx8N9dPneS3ETRt8KWtUXLRUsz6j6JM3bEXqkR3Z,1,0.02,0.018
GoonFi,9XLcx4qeRMef4S1uMTsyv5Uv8SAXpo8aE9d97NDxYRvL,1,0.0,0.0
GoonFi,9XUWb3unwaGczFkEJAZiQd2xaZmm6NK68G775JEn2kaZ,1,0.05,0.045
GoonFi,9Y5qCPWi2mixUy7cvbRWTMk4HdNBFNoug2ArUhJdEmNj,1,0.0,0.0
GoonFi,9iQHU8LEA9e8sgacLmPKiPp3FVL95J9urK3Jq33bijGW,1,0.0,0.0
GoonFi,9jTvBV8xqEJRfvdjcXsvTMeKjYt3FFRk4p9jXriwZ4qp,1,0.0,0.0
GoonFi,9m5oyKCbccxTGphZkdymU5MEpWZfhrm3YVmCJmni9Kfy,1,0.01,0.009
GoonFi,9osj5ksZcrYVeft5pjN1KUNpuM9xiZpjLPxtiMHG4AT5,1,0.15,0.135
GoonFi,9p41bLGZPCBy1XUd9Kv1jzj6KrEip3qBNCE22ag5n2zY,1,0.0,0.0
GoonFi,9xwLDjSNe4WvWdoiqSpfYvkZtZds81mM91muVMzAaUgY,1,0.0,0.0
GoonFi,9yNRarW2vNCqqZCWyT3qxdz3NkfmBXtKpk8cyui3kxWi,1,0.0,0.0
GoonFi,A3vFkGBrj4MRugemEXWdSFztWgBXi9eQPtD3V28Va7WH,1,0.01,0.009
GoonFi,A8A9GoxfmcjY2QAQ8tYS98SqDBF6hUFDmxAKBsLw29sL,1,0.05,0.045
GoonFi,AAAAhimgGTLkft3X2J8F7U9DAaRhxHGzdedhFtAGeTsR,1,0.0,0.0
GoonFi,ADTsTJ6cwgxYjMn6DzYHAdvLtgPeEKecGWp6bhXu1V9Q,1,0.0,0.0
GoonFi,AE861PyrYJXm2TuxiMc8Ecwo4YYgAHfcYum3GWpSRFe3,1,0.23,0.207
GoonFi,AE8635syc7jEWkmRfo97ypBd4TwhuZSyvPTsKF3hAFgb,1,0.01,0.009
GoonFi,AEB9dXBoxkrapNd59Kg29JefMMf3M1WLcNA12XjKSf4R,1,0.02,0.018
GoonFi,AECTMxLqHaSL8QznVZSWp3ozuKjzKfRPTy65ZP2jdvvr,1,0.06,0.054
GoonFi,AEZfzAuZ3MV5Vo6ELorCX59RhcNnY9SJdBNzbkkzLUPR,1,0.0,0.0
GoonFi,AG2UQKHngd3p6pTLJjS5Bk1eRVAEJAvNA89f6VmJrQUk,1,0.08,0.072
GoonFi,AKkLx4i6sXFSWo5tZmokUx1m6zvWZFJXyEMAhpXBs84F,1,0.0,0.0
GoonFi,APkGv3PxJWbTNc7x5mPGUhNdnq95HH4p2qzxBMj3fjYY,1,0.0,0.0
GoonFi,ARBx92tyV8htTbEWCRH22tgje5vUeCkZm9p4y6TjJCjN,1,0.01,0.009
GoonFi,ATQs6A92eUzdxTBsQhRJxxJDpgYDTGvLnU4e5mMEfY3k,1,0.01,0.009
GoonFi,AVsBvTv1LPnZn8qkJRzLqRtTU9eHzdp2FueRZWtTNmag,1,0.06,0.054
GoonFi,AgmLJBMDCqWynYnQiPCuj9ewsNNsBJXyzoUhD9LJzN51,1,0.02,0.018
GoonFi,AiH2ff9tN2VKwUXVXJawEmAxWkBTZoPPcZGwHUmihjY8,1,0.04,0.036
GoonFi,An1RKaJEH9yV5fxz5TZea5V1Cz4ebcA8JjTeo1sc4zLU,1,0.02,0.018
GoonFi,AnYREiiPFqVgW2tZzNFEz66RWAwfQBFtquVLDrzXNx9A,1,0.0,0.0
GoonFi,AnujyxF16857pys6TE315jSXC67tVvZ5EN9xjFFjFkwk,1,0.0,0.0
GoonFi,AqPcJfqvStg47qKuUj4a8iTpM7EwqUreuQ7k9FqcRE4N,1,0.0,0.0
GoonFi,AtUebqv3TmTTZjvskJPXcmHCqsj76BwS88q7BQv19H2S,1,0.0,0.0
GoonFi,BFgvaUB3hKSHV9qTuGzBAgjE2hGgFeJXTmWzeZoBqZbS,1,0.0,0.0
GoonFi,BK2cza8L845vs2jSZtNQF7dnf5hwvjTxV1pwksCF2JKv,1,0.0,0.0
GoonFi,BL338RFLMz5dZiGu4QRJcVkDnZ7eqqxLNHHQar37FoMf,1,0.0,0.0
GoonFi,BM1ybMZoVmCrjPNKu89KpV5mw4wgzVLgCt4S8VTnQ5Ve,1,0.0,0.0
GoonFi,BM9Rzn5Ek5coSbCgT4k8H89NRvTgRMCLV9ChhaQFirMt,1,0.0,0.0
GoonFi,BP3VBnN9S5aerMRRTqXXBSRWMje3eDbeNEtFVzoMr1rw,1,0.0,0.0
GoonFi,BP9M6Prg7AZokW7Ajy9ipqyRjVxWUvyP7rDNUfAXQEyF,1,0.0,0.0
GoonFi,BQ5T1jfziSintnExzLTTY7aYK1zSFTAsK6dGXq9inHRb,1,0.0,0.0
GoonFi,BR1xxaT5DMDiWqYWjZuaZHfZNEBWuvoHxJrDkfcGc1Ad,1,0.0,0.0
GoonFi,BS7chQYYG5Z7bDrtCs76LF8jV3Jc3ougUrb1Dcrck413,1,0.0,0.0
GoonFi,BSAfVTKofuqyFdJ1n6aqJ8x7Gy6MkYza8yfEChVnsjoH,1,0.0,0.0
GoonFi,BSV6YYqmS9xd2dH521w2ByLKirSta2aomRLtXfwsJuM8,1,0.0,0.0
GoonFi,BT1XATrpZ9amXbsAXzaRjrESgNgVHGUoqqQemkTNTdsf,1,0.0,0.0
GoonFi,BT9wnHqzB7RrzrEhUPanRFfH8EpXJz3AGGvxPWyCNxFT,1,0.0,0.0
GoonFi,BWB7Ze1zGMEPN2yM3PsHHA9XRXiLhBbuRDet2uBq8YN9,1,0.0,0.0
GoonFi,BWJZfYJQEYXStbhTjc6h1ns1amjetDwnK85ecmRU9otq,1,0.0,0.0
GoonFi,BWaQQwcdUVwZzEsiTRrzJ48F6woAB6rkBNzvBqMtC5cG,1,0.01,0.009
GoonFi,BX3X5rbsYie2VWNyJxaS9GgGN5D9mBK37VreTNS4sfDg,1,0.0,0.0
GoonFi,BZ1jeTNjYucHz7wSABkrWwqnckBZMZF9KRMpgmKPzeV5,1,0.0,0.0
GoonFi,BZ6M5fwRaCfkkyvisc2VCLxmPDDSxSnuk99n41srYygR,1,0.0,0.0
GoonFi,Bb5eANvrJVv2bsPzghaAw4NYYpjpNfAqWmts5xG2tzrH,1,0.0,0.0
GoonFi,BmbwYxVhrCRo2U1CDqjWSWHAiYDM1uwfi4dHzsY9Yr4B,1,0.1,0.09
GoonFi,BqmEn73TiqHCqXkokN7yo6a5KAoyXpxjMr23yVQjUa3e,1,0.0,0.0
GoonFi,BsrFKqUU57HM69CTY2GQitWYmwEJNnFRzAWQWQyGtZkq,1,0.0,0.0
GoonFi,BtWzwER33DzyzNQHRcRd2QwEytUxyNmw4LfTFwuCQKPy,1,0.0,0.0
GoonFi,ByiM8skpM4BrYnhfZX21w23Wt2KMU686daG8uDuNUmU4,1,0.0,0.0
GoonFi,C2bK8HFrL71aLnpyExVoJmqjDPA9tbLMXcBNAkRQnLfQ,1,0.04,0.036
GoonFi,C9u2k7T22tbM7C53wMWZHKqVJ85eiBdrvjCu6gLvMAhe,1,0.04,0.036
GoonFi,CK3kvDyfZ7vwFP8AZJXMcSFn6PHe1a9kqPn3smpzHx3i,1,0.0,0.0
GoonFi,CKqSYQU7rAHQXcdrUXxtuUG6e1VB8DPuFEdSN5kujaWM,1,0.0,0.0
GoonFi,CSAZoZZwdoY42hQMVFHK16fkrub4J3cFsSd4wZtQTSLr,1,0.01,0.009
GoonFi,CatyeC3LgBxub7HcpW2n7cZZZ66CUKdcZ8DzHucHrSiP,1,0.13,0.117
GoonFi,CcKjADi9eEZcdsrBJYYxhbvJx3EDxACG5mBeZ3kPdW1s,1,0.0,0.0
GoonFi,CcUrRBMqrCuMPVfd6sVTBJhyhBA1dE7qDoJkSy95bbcw,1,0.0,0.0
GoonFi,CnUh1rqpArxsWQ3mLRMjN2UzRWC7ms1hbWPey3HTymAp,1,0.0,0.0
GoonFi,Cr6vUmtz58dtsyDJX2GKbifgYf7zvwgPt9HyJvwMRLL8,1,0.04,0.036
GoonFi,Crsb2WnvD86Mkbaxwh4NoUaEe4cwaVCym6aU4uwwDzsm,1,0.0,0.0
GoonFi,Cs1Ko5ZwzkRBZUCjkjQSCLEvtt6oCLcZjk7QTstMC8WU,1,0.05,0.045
GoonFi,CtkwkMhn8vfoee2pWw93hvjSS99pyzpxftcWTLvq5rbX,1,0.0,0.0
GoonFi,CwhHRY1Dys5supiVSru4aSCFaqHbtxb3Xvxm4w6g34DR,1,0.01,0.009
GoonFi,CxdEURieK4r4VCsFaimC7cHESe8BjhdPxF57zHk3jpKJ,1,0.0,0.0
GoonFi,D3LgqsaEopWBeNMezEuz1bBAM4WkiuiWYJPDEsWBwBtY,1,0.0,0.0
GoonFi,D441LrWrP9jyAyxeqSSYW9trDSmiTLgBiXvzBuRS38ds,1,0.0,0.0
GoonFi,D4MHjhw5b18eA7StA1hKnBsixtM8gbRVBkMpvdq1ZCzF,1,0.0,0.0
GoonFi,D5W6T7vAcHj29W27KmBqtjEKjqZ5LptspvQT87ypS9ay,1,0.0,0.0
GoonFi,DJbTaha3FrG5J73QKf5Pyicw9UY7THa6ab93CNtUjPnA,1,0.0,0.0
GoonFi,DNeVNvNMdP29KGWqdv3umqFAH9QVg5aw1RLNaKNy1Gow,1,0.03,0.027
GoonFi,DSrU8SUouVzymztHeEeTtciuDoxs7pyMeT8jNaEAVVZH,1,0.0,0.0
GoonFi,DV2AhMfMAUMyCbGWuBxoC8xR1bNzjMaTKpdQJfbHKBLM,1,0.0,0.0
GoonFi,DaYFyW6F6GgWqSuMTLjooXVGMocKpumfqbk7V3AzCjYe,1,0.0,0.0
GoonFi,DkV8QZdg5GH7Bb5NteLJVYCF2mwBSCFt7AcTnmVvTfeW,1,0.01,0.009
GoonFi,DkXxmVmoXuZV9PCxitrRjSCuuPf5LKexBjrrgRQtu7VG,1,0.0,0.0
GoonFi,DnVr69cpp3f1j319EXLgzMpwSJcTLLDxFNYL1mcWFx9R,1,0.0,0.0
GoonFi,Dog1YVcGCdTYNpRpwUdod7zAGjztVL1ZeHAVYaYD1h5Q,1,0.01,0.009
GoonFi,DrzqYa1fyZPvcZ7b9sfkr26wNmpqtuheGTJCqp5ymvm,1,0.0,0.0
GoonFi,DyWcJxMbAKrxRcpMtoEvjWTxweKKTrXbcsmGSyKQjt2Y,1,0.0,0.0
GoonFi,E2MPTDnFPNiCRmbJGKYSYew48NWRGVNfHjoiibFP5VL2,1,0.51,0.459
GoonFi,E5UBNwkEH98qzVsxa5GsL29WzyxGmj5fYKRt4wRvXyYp,1,0.14,0.126
GoonFi,EJdrWPg32qHnmc3cwgGRfTrvWpQkDH2vHNGsane6WFGd,1,0.48,0.432
GoonFi,EQHNxWJrEdQgRqjH1mAT57R1vbUobVa7UtPHGdJDMbL4,1,0.0,0.0
GoonFi,EVybKZ6kp8CccQSkcAdfsstG5aX8mbQQC6jrKTcuFhVp,1,0.0,0.0
GoonFi,EXYq2HaS5nTarjzNHVYfcHbAbbLDJTPYkn1Jb5Q6bGz4,1,0.05,0.045
GoonFi,Euc3awQyWjM1tmSV7J9WULbEm8Nv55g62u1kKfbq5UBq,1,0.0,0.0
GoonFi,Ey8x4A369B2fCL2r39NhGfvkQtijH3g1HJQVuRXtKzHH,1,0.0,0.0
GoonFi,F7p3dFrjRTbtRp8FRF6qHLomXbKRBzpvBLjtQcfcgmNe,1,0.04,0.036
GoonFi,FATEorZGqsxg11TmJVRdX5WZ12bQpdS2Va9L7iHWzcHr,1,0.02,0.018
GoonFi,FAYXUdBH2sFY5SJRSdzazg9EBJz3pjT2vo6Cn49etNfz,1,0.0,0.0
GoonFi,FAzY5522HMCBk8hAwwPmDebLJphMETRwiQq2rXC2dtQw,1,0.15,0.135
GoonFi,FTFYAj4eiR7JbmtDTvbvonGy1oqxPvTpM4WLgQr17yQU,1,0.0,0.0
GoonFi,FXPZFvVkbP23eCqZSyb87TUtq48Dv4QFF688fyPdGA4q,1,0.0,0.0
GoonFi,FbV9utfDXFEE5HHDMFeooPv81o178J7a5QujhpxovxnS,1,0.0,0.0
GoonFi,FbgR9632h4rvPciZzCHRGNrEaQM9bC2cGgAikJ8HUfS1,1,0.72,0.648
GoonFi,FvTqiyvB52rmV82jj9Wc5efLyuWht9vprr8bivDBzGnV,1,0.0,0.0
GoonFi,G5HwqJo7yCKc1FDUFYKKS4X6fDohrXbvgq2tzX8do1Kz,1,0.0,0.0
GoonFi,G9tbNtRD2NcsWdiwzPi1NFzbfoqyWcJs5SVsSGDbbxPs,1,0.0,0.0
GoonFi,GAnbEFa9eudeiGoYEsLNhjD1A9JBG2CCyJBGA15qugsQ,1,0.0,0.0
GoonFi,GBU3X8mgT7dVQ1XxEQxdUMuEJDzTL88bCZgDB8qQvq34,1,0.01,0.009
GoonFi,GCvHhEUYQwTJ8jyf8Lc4bv8jBXyZU4LMMsZCobwEPzvM,1,0.0,0.0
GoonFi,GJvewfRjqTUPtx6WsBSUnaFbdgXwgXnWfpDyLm65T4YA,1,0.0,0.0
GoonFi,GQ3UbmTDhAZs8fGCrggZvebYybFoDLMagN1T5BE4VCuF,1,0.0,0.0
GoonFi,GQ9KXML6rt9efPFDQvePD4BCEJCpoug4eRLLhTdNb193,1,0.0,0.0
GoonFi,GTR1mWsjtaqb6ukHFizKt46nJUCV4qbkGze5NEMrSTiT,1,0.01,0.009
GoonFi,GVEzzj9ffwFtQSvuzrKcduPhBuHkWiEytMye94HjfjBq,1,0.0,0.0
GoonFi,Ga3GvXH9xkhYwJ8pY88McCGfZEJR42A6Dsy7xzYndPEk,1,0.0,0.0
GoonFi,GfTVQU5ipi5SxmMQDNztvrvdxRKuWuQYAJhPu1gPnUdt,1,0.004,0.003
GoonFi,GfcfkUU4fnKHzu3pBUL72DSXQo4A3ZzKNyETieJy8CH,1,0.004,0.003
GoonFi,GmsfN224N43CRG8rPhuYjq4hxGjF3wCi2S8zMRtfBjZx,1,0.0,0.0
GoonFi,GnWFhrfgciKVoqgAqarwWEQ79NuD2LnRd9EEYaB1kUoc,1,0.01,0.009
GoonFi,GraZ9wjJVEGMQsyz3BwkkRdkJFmDrZw6Bnj3yzciwFEC,1,0.23,0.207
GoonFi,GsLCVngmXomdneLN3SQr8vTHfBMNhPoBygzUpfmZd2LK,1,0.0,0.0
GoonFi,HQC2gRiv77yE1jZa5cssGeVLJ6TvDS3gzkAMbAzoQKcS,1,0.0,0.0
GoonFi,HQbxGn3JsT7n6bicnhtucaGqeGjs7DWfrxVxdT1KmmuQ,1,0.0,0.0
GoonFi,HR79QevAfWqoBEZTbS1jkn2EMmEPcEsRYMXbCXHu4CvU,1,0.0,0.0
GoonFi,HScEBzbkbEH196pvdNpNH5R4VYdFYWsLfm5v2E51L2EK,1,0.0,0.0
GoonFi,Hcb7DZ9RjnBacrVv9PEsELwBHhPZfZJYucfiW6rgEL2K,1,0.0,0.0
GoonFi,HioXnHcD9drMeQxiMsZzKHWwrYTQEsZ78NfN2MtZhvXp,1,0.01,0.009
GoonFi,HkaZoYtaQ2i3vPb9kPYZDdwY2cgSkHjGrHXw9zmSMuqm,1,0.0,0.0
GoonFi,HpejaoPsmiadPirVzUH5A2Cs1h6bNqXf47W9vnYBipcg,1,0.0,0.0
GoonFi,Hr1oNgqznfMSx3KDdnsSJWU6LemHZqMZ1r4i81hyLYDN,1,0.02,0.018
GoonFi,HtZAYMiyuWNsTU5YyRwMz2ZCx76ptLU4F31tWEX3cAG1,1,0.0,0.0
GoonFi,HydraXoSz7oE3774DoWQQaofKb31Kbn2cbcqG4ShKy85,1,0.01,0.009
GoonFi,J1CMrMaFHJmG97R7xJYrJxRA3MNt7VyHe8CAEUnsQzre,1,0.42,0.378
GoonFi,J8hVkBNKobntWqLspa3yhXEkvb8vZ9S9NiHgirN9yvV3,1,0.09,0.081
GoonFi,JAo11WnJxnt33pWT5DJAAvJWCwWDQ3wLb345sipBP8ja,1,0.0,0.0
GoonFi,JD38n7ynKYcgPpF7k1BhXEeREu1KqptU93fVGy3S624k,1,0.0,0.0
GoonFi,JDCQAMGWGyoQMiNLeqLY7FhuGambC2g7HkuPSZFPnAUH,1,0.0,0.0
GoonFi,JDd3hy3gQn2V982mi1zqhNqUw1GfV2UL6g76STojCJPN,1,0.0,0.0
GoonFi,NcLasxSu3sq921FhBniNniiQVzjSVcQk56nB26WTqG7,1,0.05,0.045
GoonFi,SHARKRdGLNYRZrhotqvZi3XAtT62CRGCFxmg5LJgSHC,1,0.0,0.0
GoonFi,TAPNDP5dFr9Vp47DFuddRxNVYmjUqgh8boiUrWFgMqi,1,0.94,0.846
GoonFi,V9MELpz59x9WfUG79KCWeMGL1YV2dAVpmKYAWmNUL3R,1,0.03,0.027
GoonFi,WLmq4v1xHM1LwpjZmb2x5SY1kTyV24tGW8FY1K2TLzB,1,0.0,0.0
GoonFi,Y9iWqvZs9Axr3eoc1LiotAeTbuoZPG81xQuc9q5yA3J,1,0.0,0.0
GoonFi,YubQzu18FDqJRyNfG8JqHmsdbxhnoQqcKUHBdUkN6tP,1,0.36,0.324
GoonFi,YubVwWeg1vHFr17Q7HQQETcke7sFvMabqU8wbv8NXQW,1,0.16,0.144
GoonFi,YubozzSnKomEnH3pkmYsdatUUwUTcm7s4mHJVmefEWj,1,0.07,0.063
GoonFi,avqJiqdwHCWGMaDpEUnwZ8iFutj5rzP4sPez9yYyGZL,1,0.004,0.003
GoonFi,b23Ke4utbwr1WcY8onbybJbNQghkNs7RrEC9f69VbJW,1,0.07,0.063
GoonFi,bi7rLofvhDPgYVZNingm3Yanb4AqKW7T2DZXREXumZ9,1,0.0,0.0
GoonFi,datouWbnKthiYdWN3K2kypTs5YoykXSekSQVmDPoeo6,1,0.03,0.027
GoonFi,enzog436vHy38bMhNR9XDENrvhxPK7y8wBQri852rhG,1,0.07,0.063
GoonFi,foxMFk9faHggM4HWQWETCPSDvMbWx8LSv4c9CrkmBx6,1,0.02,0.018
GoonFi,gasTzr94Pmp4Gf8vknQnqxeYxdgwFjbgdJa4msYRpnB,1,0.01,0.009
GoonFi,gtagyESa99t49VmUqnnfsuowYnigSNKuYXdXWyXWNdd,1,0.0,0.0
GoonFi,han5oo9sy98473nuWU7PwkdgpJVFvQEQ14S5CCdbeYQ,1,0.02,0.018
GoonFi,hukustPHnefURMxe2dC8xwtNDwfi2ga1bUbxCwo3Cpq,1,0.0,0.0
GoonFi,j1oeQoPeuEDmjvyMwBmCWexzCQup77kbKKxV59CnYbd,1,0.01,0.009
GoonFi,jMjhRzuVvkeKxDQDoLJJgcgc3brmBRPzizgJxZANAUU,1,0.13,0.117
GoonFi,k2btrGEvdgv7UmgVbD7Phci9EGWCo9QPU6T7yga9xs9,1,0.05,0.045
GoonFi,k3bS5WfZ5P2NTgkVSwdbVrveYc25iXiEHYfZfVruBGq,1,0.05,0.045
GoonFi,o721S2ZPSjJTEC9B5HgXdqZFPVq1avjKzRfZpTKjV9g,1,0.05,0.045
GoonFi,rvj7Dc3xGh1eVFw9UTRpkxks9cdYyJd4MQk4Bk9zA9b,1,0.01,0.009
GoonFi,theo9SfM3dKgKFbq4kFVmEXwSQ1pdr61wDqEWXKJpYs,1,0.01,0.009
GoonFi,v5d97g4jcioBkawDcpmzvodcVLPdi91m2pKLhPZmNd6,1,0.0,0.0
GoonFi,xUwUxxg5eLEVfowp1ki2we8JWJjukkriVLY39c55nqa,1,0.02,0.018
GoonFi,y23RmrqysEDtAL2MaN81vSoTQu7kCGLE2sCz9XaZBup,1,0.17,0.153
HumidiFi,14punZtSiGUfE8dRsnwAxVj9RXTLR3dWcsXdLpyG9Eep,1,0.0,0.0
HumidiFi,1989zAmZBwkwR6g8S3H8gkDhHRm3P11gpurN7faJqDu,1,0.92,0.828
HumidiFi,1aTFUD4BJL3CXAK5NSgDJVR99nVpQrK1BqD5SGSix23,1,0.06,0.054
HumidiFi,233wu7BoeySgx3rAF2yBMWrKv8nKUMdSaShbZQ1GHeHQ,1,0.0,0.0
HumidiFi,259WgpDG7Q68f1Ym3YiPpziu9GDYShP73jTKpzBs9PXj,1,0.01,0.009
HumidiFi,27DHDNBiKvekDUjQc9884YUkcA463B7toBJFQYMXJRbc,1,0.0,0.0
HumidiFi,27XwpKp6SFhs2Bqh2qUL8y2CRcxcExdTkViaVgmJuQ6t,1,0.0,0.0
HumidiFi,27uyUZfFWpmUPGqgkVK5K3kAELGGApFCRwrPkaw6AcnJ,1,0.0,0.0
HumidiFi,28pryh85shDtwFWoU2PyWSdaTveKkDSr2AkRxQGEarBW,1,0.0,0.0
HumidiFi,2AA2qSabLeeC4RvLRsC9oywV8w8XdWUGAzKL5DqPqMuX,1,0.004,0.003
HumidiFi,2D14oU9cEVXAxai4xmuvQ5nsG7JWcnzcPaK62Jta13mW,1,0.0,0.0
HumidiFi,2EZWAWuv9e4pgcxPZRMmEffDH8q45S573gu5pDRp72HT,1,0.37,0.333
HumidiFi,2EZdYSXrs8yjwTiMntXYvEL4cTLHYdagyNJAnvMKiEJV,1,0.05,0.045
HumidiFi,2EZxP9X1Kfuf2sxyBPfi2VsBbr6iJeepuv5tEiAHscAh,1,0.03,0.027
HumidiFi,2F84N2vvtZi6z798gJTSgT5c7fBALnZzLZ9oZVcHUibU,1,0.0,0.0
HumidiFi,2HCr5RyB6bv5xARgUFnwKiT2UKLUgmERJQB3FhD2NjvZ,1,0.0,0.0
HumidiFi,2Mp6QtgNN5KmN9shHpWxxxxcgkidznateA1FnM9HKhNW,1,0.0,0.0
HumidiFi,2MxsByU3X5gMaqwaNZYUZnHFTpB6yCMfUxxCoeWvWQ8J,1,0.0,0.0
HumidiFi,2QFuzSa5DicYR9kHG9dFbgKicrTtR2uhoryocvCjqTN4,1,0.0,0.0
HumidiFi,2QfBNK2WDwSLoUQRb1zAnp3KM12N9hQ8q6ApwUMnWW2T,1,0.0,0.0
HumidiFi,2SvvSFgzM9zEE1Y1vNXorfurtB2eRH3QHpMkpcVTXfrc,1,0.03,0.027
HumidiFi,2UA5BXzzo71aUKzRYptZQZpbkUPzwQREyCem8SF224NQ,1,0.0,0.0
HumidiFi,2VpR9Dop9jgbZZWHC7nV9phaFKizPJjvZUKG63jTKTko,1,0.0,0.0
HumidiFi,2ZgGuUW39mmf5kdn7AbKUqSkRk79wKP1JkD2ntvrssFr,1,0.0,0.0
HumidiFi,2b4NhGTayvycDf7VvZGd6xpSjs3f7iiRZQSyjs71yJ23,1,0.08,0.072
HumidiFi,2bxHEnFdhjP1hauESUHQHCw8FLvW3cYShtAoJ5UYrooA,1,0.0,0.0
HumidiFi,2dRR9CaNrEsHm3UqZacEf8AoDuDx4NGQyMhGxG71NzkN,1,2.0,1.8
HumidiFi,2ezuFQYTkSKmK7GixfUnjBwzGX1rXbki1gfDwnQjUXXm,1,0.0,0.0
HumidiFi,2gJccAee9UmwV4wXXrHmdFXRXw4HfFyeiKs6SbtPQy3j,1,0.0,0.0
HumidiFi,2gUorBeSS6LMA5FSnD4wtKgkzdebGuNMBJHTzQAX7sSj,1,0.0,0.0
HumidiFi,2gx13wgUiPoPoYqXDNqAXjqdbXrGwiYgNpN6TEqKkkih,1,0.0,0.0
HumidiFi,2m4vG7HTvuTSaGdWpGWNw2JHxiybc9kfVrT6GLsysqfZ,1,0.04,0.036
HumidiFi,2n78p72RVYbyAiPtzZCNBYjMsEXKRiqfd5zArK8r2tgG,1,0.06,0.054
HumidiFi,2npqrs8E9iWPGjRhWp7BsD9nG62xnBm9Av4rWgqF3ZPK,1,1.74,1.566
HumidiFi,2pzAB422BAFyr1sd2CKywbKC6TVGAk71W6wUFHatojwT,1,0.0,0.0
HumidiFi,2qK1FGgRnANne5T3XSzgQcHDQ59SdYUGP5oRPpknuFjH,1,0.0,0.0
HumidiFi,2rqoZsJRdN1aTH1pf6XC3rWPwEKJkiCNjHeDnbxNsBRR,1,0.0,0.0
HumidiFi,2snHHreXbpJ7UwZxPe37gnUNf7Wx7wv6UKDSR2JckKuS,1,0.01,0.009
HumidiFi,2svZLkuBny8diCa9kApRsHEgtPPtDo7aKasLUyPqUrDd,1,0.13,0.117
HumidiFi,2v4C4B9E4RSZcmau8kQNQ3v8qNLWBjDgrihnRaYTrSHL,1,0.0,0.0
HumidiFi,2wR1DAGKYPyJVUoRgJ7DFoRb4ZSxoXvZssVa3aJaVpw4,1,0.01,0.009
HumidiFi,2zKqDFWqvvyCxVzRzc2mFF4J4D9Tyu3UgpzyhLnDvDpj,1,0.0,0.0
HumidiFi,31HNQ9RfUZajEKtaHWXa8GoWskhyE2RsoqwKaofdc58x,1,0.0,0.0
HumidiFi,322nTFg3nyRMXHgbAjQqdFC7cjQrcvTd6QGbNt1y8Yff,1,0.01,0.009
HumidiFi,3333JG5dZ1nRDyKwCmrC3HwoevuaFP5L7p3AAjfagggg,1,0.03,0.027
HumidiFi,34KEabz4eq7DsqwocPKJVnKZ5fXaJYvE3qmkLPQSXbY7,1,0.0,0.0
HumidiFi,36P4X8cQiw7v2ZohhfJmraUi2SYi7bjBwryfZzrLc7zi,1,0.0,0.0
HumidiFi,36ubFmHoSnm2KSMdnRqspabB6F54L6wqyb8LQ3XSiF7A,1,0.0,0.0
HumidiFi,37cen7L5cM7q6faiP5uArcBMGcqzpnRHmLrYdvMQwDEG,1,0.0,0.0
HumidiFi,38ALzJqznhpGLe5caV7QnRwFkN2oCshjBTALHhgd3qtg,1,0.0,0.0
HumidiFi,3DBJ5znP9Jmwxv3snsPFA3sL3eDrJowenXnCtXoUaEor,1,0.0,0.0
HumidiFi,3NC8bmzCeEK2NBw1G5W6EmR66DNRW3gR22CGMt9EmxrU,1,0.1,0.09
HumidiFi,3NqCMXkedP7WcgZAFqBcgXiu6zxrmJ1mwAGwYqyHuMvx,1,0.0,0.0
HumidiFi,3QzjXKem5bvmzEBrqfYdNKgwE4xUWjY3jtbRBSQC4AJe,1,0.0,0.0
HumidiFi,3T6gxwpMjdT7h4N8i6ucynpe8xXiWj8B1aLKNTS1d3dC,1,0.3,0.27
HumidiFi,3VCPfHSKNYnnDsTuZWBYmTtSmMVTzTU8u6fbzn7PeWfp,1,0.0,0.0
HumidiFi,3VWRnyhzzgvbVUTBnNggKxvFd5jsKoghD26XstyV3Hf2,1,0.0,0.0
HumidiFi,3XA9PEkG9G2JtRKDTVrcJHxpz8frpPrkuHDPWb2odkRw,1,0.0,0.0
HumidiFi,3XVRZjHH98QTwPPBpcKyGUhqh7y2MyBT8JtxvWBqepmt,1,0.0,0.0
HumidiFi,3ccqanQ7s9T7usEaPh6DcESrjW3MphhwEtDHKNmSxR23,1,0.05,0.045
HumidiFi,3hPFdVwVjRK33VySYhxJ8zHHaXiaD7iDe6BYTaCmzzyR,1,0.0,0.0
HumidiFi,3j3rdifXoAee53URN2pm7QrTzEQVxKLHHGQAJdqAWhC1,1,0.0,0.0
HumidiFi,3jhbh55QtNyT21V84mqomisM3gjFqLqFg6XZuLbz8v7S,1,0.0,0.0
HumidiFi,3juPmi2G7oygaSSnnPVRDPTSSgsZCsKGdiobC1SU9Z1p,1,0.0,0.0
HumidiFi,3kUEEXvjUmyW2m46CgCjE97C4fw1skwxFXExZ3aeoRiC,1,0.0,0.0
HumidiFi,3mL3Uyf4T1LR86S4DFWW5XSEifwP4B5L4useD45eJAdx,1,0.0,0.0
HumidiFi,3nzDbkynMDdSEEcoi5t8QRtLyqaBRw5MmHXXeT18RoRi,1,0.0,0.0
HumidiFi,3ogrCu56baykwEfcFZXsW26KuAiuAhoDgBhiXtXHY8Xg,1,0.0,0.0
HumidiFi,3q36VGFznS36RpmGfut54gPpZ7LpHZm79TkuxBbNpNyR,1,0.0,0.0
HumidiFi,3uSWkg6xC4whhSTsexQjMwznvQAmHr25BGZAaHK8kGpn,1,0.0,0.0
HumidiFi,3uZKFJuHTTzZgki5WJJxG5ys86fcvFnCKB5xf1AY61uu,1,0.0,0.0
HumidiFi,3uux8SR2PBJKGR12xyvmd62g398XzaC62MF32Bo5BfFt,1,0.0,0.0
HumidiFi,3wZJJihqmtLmkitsXU8nWKg8ATKMPYLVtS26TQ7kDXZi,1,0.0,0.0
HumidiFi,3xb1APhYyenJhoq6Kpjetps9rsmS8kJAGhXVBHaDyWmL,1,0.26,0.234
HumidiFi,3yFux2Y6oDz5WhrS3QJmyZkWFgZkY6aVCyrvkVLUiCPB,1,0.0,0.0
HumidiFi,42YtpdUBypxnrjkMPMFjQms93d5x6oW1r3pKykto4jTy,1,0.0,0.0
HumidiFi,46LmYaiFLVo9dvEZFgL2ZZ4eg6krPz3F54YeThMZcZo8,1,0.0,0.0
HumidiFi,48MTZkhu9pgSwFUUn8Xuvasd4BAzoc7C4FMW1DtxdiT5,1,0.004,0.003
HumidiFi,4C7kFWi4cC8mg9AvtF37Lj2JCypfgTCTs5uyAuydCmuv,1,0.0,0.0
HumidiFi,4CxLBaNJJrcsxZin4d1YGb5wE43AnS3v9f24K2HadRFA,1,0.0,0.0
HumidiFi,4D5RDeapfZ21X5dDvrzdXC1CBTeSms8r26d8N4KBTLbw,1,0.0,0.0
HumidiFi,4DFLQHDdQ7k8JNT5Ev7v54DQK4kaEq3CZ9FMcaaVCWr1,1,0.0,0.0
HumidiFi,4F8jgtyC2SqoYJLWrQQNm58PRVDBMgd3rYxPECaBa5Ho,1,0.0,0.0
HumidiFi,4JCqEor1xAbzpFDg8GCs7BJeS8CL2bvKbFLQYF9qczFP,1,0.0,0.0
HumidiFi,4JT4AnoKphoEmQ6k5pApwbeSTToXWaSEkBmRFZCmoC56,1,0.0,0.0
HumidiFi,4JmptDAvi3FbStmsC9PGzESmvxX13ksgorwXGTTub3F4,1,0.0,0.0
HumidiFi,4RvgumbsgRftVLTK1cXGsyXnuGVm42juEMSkRA9JHLNb,1,0.01,0.009
HumidiFi,4SZJENuomQc6HpkBhUBBvfGrncCzYH1bkmUnA9E8bwKS,1,0.0,0.0
HumidiFi,4bpk542Ztj57Bmtu6J9C3bvX7Fwdr7a4yqjbQ6AWKKke,1,0.0,0.0
HumidiFi,4dC1XCS2R2rqm1TXgq2K2QX4T5eCSYTW5QSu4TJAYh23,1,0.02,0.018
HumidiFi,4fcyMmacnAmWLwU5q8sMBGRqz4WJNh12Hd9pYwJXjuzH,1,0.0,0.0
HumidiFi,4fzCcbdnEGtSiZnD61KJRARMUfN2SLbwnyEsYrVkmoEt,1,0.0,0.0
HumidiFi,4i3kFLZuutG5fvjg5wvq15n4NPpj12wXCRMyP7TcZbNj,1,0.27,0.243
HumidiFi,4isF25whYWV5o38hfjQLPYTKNX5j7tp3xWeBySJu6U7w,1,0.0,0.0
HumidiFi,4mHytv6Jja89k96o2nw6qf8dF8ufa5aZQzzNBBmsKNaL,1,0.0,0.0
HumidiFi,4o9Sgxpam1ihEJLPKxpgPfMpgxhXpcGEqPGptLxGJ7yv,1,0.01,0.009
HumidiFi,4swoALYuvetDK6N3ak1Knc1bMLbm7nzkxCW1nqjPWGRV,1,2.42,2.178
HumidiFi,4tNVXeHzpHDcqwcX7Zf9XnnsRhXZLAYYFSEXf8tZ6Deu,1,0.0,0.0
HumidiFi,4tzLRGvJiNGqFyeNLTgdsZaGPV6nk1jy3UCEhKPVD7k4,1,0.0,0.0
HumidiFi,4uo4N7Q6GZS4TZtpXCZVfrUhM7mnkyVUEvkrWWXoCqEv,1,0.0,0.0
HumidiFi,53qbCgfAKvooNtrYgVSNW5KgWvoae9dTkHbZVCm8535f,1,0.0,0.0
HumidiFi,54Pz1e35z9uoFdnxtzjp7xZQoFiofqhdayQWBMN7dsuy,1,0.03,0.027
HumidiFi,57DVAu7hayCca1XcYjYjxepvkYWnytVGQbcG541A4jWx,1,0.0,0.0
HumidiFi,58TXDjuDdpgnVrjSPHxL3PqaWfewpD2L1E2WJrAyWQvV,1,0.0,0.0
HumidiFi,58Uv8cUziYPWgfyGjmKoD8m6PNkxNr27bjRERcUcHgBE,1,0.0,0.0
HumidiFi,5ELupjn3WYwsEPkzRh8sa8StrJfhhH6MxwyzEFPnXCan,1,0.0,0.0
HumidiFi,5GVf7Fp1iQQfMn9NEAVeo5DRMDsYqVhFTbxTbGSDEhox,1,0.0,0.0
HumidiFi,5Pj9viYA1dcRVQwqeSNu7SQUSY3XddUMMzNEnA4qJUzk,1,0.0,0.0
HumidiFi,5Q52Gwp5Q1FobKgDNn5WbAh6LHRBntooCsgjPpbGoDbs,1,0.0,0.0
HumidiFi,5R2NHB6D8i9RhfkUWewyGZHPyAAFQ6Cwigfyni1hBTeL,1,0.0,0.0
HumidiFi,5Re6z4y9vmnELHhePoGXpiXNgKDPn7rvit228WHRbUAb,1,0.0,0.0
HumidiFi,5TqcbYNA2b8XZg5rSJeRoRVLSGgsBHSXbmRB3BqMaSHn,1,0.0,0.0
HumidiFi,5UH56M4SmCEnqNb5GrZ7XXx9vSLGJ3xihmLmSrFCk4EL,1,0.02,0.018
HumidiFi,5W3Jxcc3Br1CwqxGEepVvjQrbRiEaWK8XWS7nTphE2zm,1,0.0,0.0
HumidiFi,5XoLGdkMPFcc69YTafaZMke3YWHGjExozQV6JzbnSkjd,1,0.0,0.0
HumidiFi,5Y8qP9AavHyG69gTMbJP6v3Cj85VnDimdE1GZtfdV1WL,1,0.06,0.054
HumidiFi,5Zm6GraYjpaNCoAnTpWThxzynVZvPM8DdcVvyK9vecKT,1,0.13,0.117
HumidiFi,5b7p8ZbxB6cQPeLKZ2uGXnXHPKgMaN1aWTPYMBMoymss,1,0.0,0.0
HumidiFi,5bi524bWTg4zwde17YJX4EaLgyY2aSr15eNMK8cL9TvS,1,0.0,0.0
HumidiFi,5cU5rbxAcpaGoPyms9jKoXQX5EiZzD3DNmwzbC3qE8Sd,1,0.05,0.045
HumidiFi,5d8tDay1ZDV4XVUBtTvFvQiLxDe8dz2ZCdsrkmTDcbm5,1,0.15,0.135
HumidiFi,5dyT7H2ybQwdTu3au1WX1heuqh57wg96ryNVqB6wQySN,1,0.0,0.0
HumidiFi,5dzHTWBsiX6YCW3aEMQcjZofJo2K5xvZfJWkNW3dSork,1,0.0,0.0
HumidiFi,5ePvEZx19BZxVvF3nu6gQacoBA9mEFV82eGnRNrnhK23,1,0.05,0.045
HumidiFi,5hvpLqGD1PRkLofmawoEPzCaa3LzZJFBCjsAH29AoFXx,1,0.0,0.0
HumidiFi,5jEriFQYoZtxiEyQdshZD4i2iA4QPiMizSQ2ogE98HgX,1,0.0,0.0
HumidiFi,5kWxv44VF4h8czouhhWJjhTCbdW3qXFQ7Hsqi59nUKqK,1,0.0,0.0
HumidiFi,5kgGP24WXLA5gRATztbGCzqMfNVVweSpvsHTZNVZ6rhW,1,0.0,0.0
HumidiFi,5mdU9fBvhrspcq3duozmMdjDfQrb1D3zMKJvXAHJNNDw,1,0.0,0.0
HumidiFi,5pXQhB9qd5TksyK4Vi9C2JRnVVpuEuh6zsJrkTfRb7uE,1,0.0,0.0
HumidiFi,5qUQTRLmAAeCGjemZ8FcXjRAHaiMSp174e5wE9omGQnN,1,0.0,0.0
HumidiFi,5tkPL9BaSmj3W4YLDCocL41RPeLsw7CAEkWW7ivqF5v1,1,0.03,0.027
HumidiFi,5uzi9krWfdShrKvxAE8rjKJrNmc57WTg5RG8hYmP1NPa,1,0.0,0.0
HumidiFi,5wMHFyCgRrggsKWrvS2zHDHi7V6xfwfSAsZG95LwXYUQ,1,0.1,0.09
HumidiFi,5y5jCvdD6uTPjWbQtLj8ABQ56jCor2SxURidAqGSyviw,1,0.02,0.018
HumidiFi,61LxFhbLH6jYEKkcEKjuB59Z5Ln6j26BktWkBSVCxnkK,1,0.0,0.0
HumidiFi,61yfAVS257Jgx7oMhUG5uZVZMbcnfuZM3JG3BYgdyfT4,1,0.0,0.0
HumidiFi,627fVFHQ75pSWjaLfKtiCqn6VVpcghjC7V8ptsE8tvzU,1,0.0,0.0
HumidiFi,663eCoz1qj9PS5L6z1jo5a47RndZzXrpZuYu3fae6SKL,1,0.0,0.0
HumidiFi,666zhExqDUnApdhG4YAN7Vw4eTQyc6L988mRTqjqh73t,1,0.01,0.009
HumidiFi,66FKXM3n8hWZJH5vWfGTvAVRAAkvbR7TQK5dgPDGiZvm,1,0.01,0.009
HumidiFi,68FvNqAMosWor5FKG9nz3n3jnjhizpng663ccGvTPjDi,1,0.0,0.0
HumidiFi,68HKBoDYFRK9DsXZgGuP7357D6ASrosHfLZYpvBiLbwK,1,0.0,0.0
HumidiFi,68utqGevbTiQjGid2TFjG5dukEeAVtKdMCJxX1RtFEx2,1,0.0,0.0
HumidiFi,6AoyNxe2zqGPhcGHjeJtBkhHo5EvnbtbNyPhtqRC5TuF,1,0.0,0.0
HumidiFi,6BU3xsyW58HrKdfeAbx3nPc9SHPioXMiSxMCFkJWhdPN,1,0.0,0.0
HumidiFi,6FPgDPwgAY4WskguMZ5t4R8ujCtrCJghRELwBXxyLYCC,1,0.13,0.117
HumidiFi,6GD9Yncr3XN991um7anQ314Fjd2ZHmzdgFMVNiDs1sfJ,1,0.0,0.0
HumidiFi,6HjiEcr4NPzJXb6X8fcuwXFm9Gd9hT2NVX2NTzd3cnU4,1,0.0,0.0
HumidiFi,6LZTdhReRa8eWwAPKp5MCxp1YzEsk47tMvDuz8PhzTad,1,0.0,0.0
HumidiFi,6PEhxWmBXVnGPQoVJmdC2TPfRzDjPvi9WNkXeUCV6KKd,1,0.0,0.0
HumidiFi,6U1Wa2FocseXUgaK1N6zW23sYA9N3W5SmfSBkCqPTpcT,1,0.0,0.0
HumidiFi,6UR9gyF9wXAXaoRRAAFyjACJHN5CQidro46sXvkBbfpy,1,0.0,0.0
HumidiFi,6UmscXXe8z2C1qV2xzwizXsd5GGHDWWtuWv8umKADunr,1,0.0,0.0
HumidiFi,6Urqv4qg8joTDC9x5XgLrh6JDTd6nvgLwxEBfhZkqyS4,1,0.0,0.0
HumidiFi,6VQba5u8VKcH7TMeD5doAbjCLFV5Dgypmuk8kziERrCm,1,0.0,0.0
HumidiFi,6ccpxpMtYuqPxfBDvWDsh868jtFknYapX9e7rHpwsKHF,1,0.0,0.0
HumidiFi,6e2EinC3zNdymsf6h5tk5k8FZxhGbBnVUkpFgUTZ3aqv,1,0.0,0.0
HumidiFi,6g2XWtPb9baNXMvj24fqHAUS746F54gJMiuK34ewpVxc,1,0.0,0.0
HumidiFi,6gRnEaxAPr1hjtwCzrmSAztA4xbHCVNWJSRXh74sXFKJ,1,0.28,0.252
HumidiFi,6joupEd4WYBz7L2to5aWBfAx9ADXY9ZfiiLoCuXL2wPu,1,0.0,0.0
HumidiFi,6kGEkAJME6hAJjbKmG47zRrnqHAT1RriZaMsh3vx4Ez5,1,0.0,0.0
HumidiFi,6nTMtwShZeWEuVmi9Q6aPhATvqgaZ6ptATRXENjnUufZ,1,0.0,0.0
HumidiFi,6oJ9Fgmcd4KbNuMGu97N7ytXGzRM1UZ9imx8AtpUk8V,1,0.0,0.0
HumidiFi,6qdGJMxurSM3ydmvaCRpBsFQTZvi4EJyfsndz1kDFnET,1,0.02,0.018
HumidiFi,6rXNpUUhJCLC7LxV8iW4ADfkStyB6aswtcppcFMt1QEq,1,0.0,0.0
HumidiFi,6uTvNWCjdrfhWpRFNoL9Jby7XE6HRHCXo3EAE4jxfRxg,1,0.0,0.0
HumidiFi,6w56SRhxWCtryzYAv92AVBdaE4oUzZzjXTEsFQ6eTKVN,1,0.02,0.018
HumidiFi,71wKmu7jUhSgbo1HGiuA3ShfgAHAJfqZxjMW7HJexyVR,1,0.09,0.081
HumidiFi,74YvrDkSJsEuqvLbDBd5t2nDkkMzen7u4LMJpXSxkQiU,1,0.0,0.0
HumidiFi,77aLHbpxPPYnnTHNafmyrMvgmnGiHcHrRU5QKBvBLvY9,1,0.0,0.0
HumidiFi,77eg8ZALn2CuEs2ErACpBsuzcG5nRoDkK2eyrGQNfxD2,1,0.0,0.0
HumidiFi,77j8yhJLYsWUxpFc7GKFZMvo7HiTtbaQfwH4MA1MzBJm,1,0.0,0.0
HumidiFi,77z16ys34rfSSyY6D9E6EYVK76dKBivmjQ8S35Aaw5cS,1,0.0,0.0
HumidiFi,7ALkxTEc47kXmD5oRAnnrt8EytDyE8NckijE3iwu5dFA,1,0.0,0.0
HumidiFi,7AmWxt6v9VeBTtb1pRZ7mysxR76zwwmhVHmRDwfSg7hC,1,0.0,0.0
HumidiFi,7CTWSpJaddRrySX5kAGbiEohwf9mbMBfFCmqBMh3bn86,1,0.0,0.0
HumidiFi,7JJ4RrYC4wBb2ZangbVW4XbQenhEbkdoo7vhoWoShYjp,1,0.3,0.27
HumidiFi,7JQeyNK55fkUPUmEotupBFpiBGpgEQYLe8Ht1VdSfxcP,1,0.04,0.036
HumidiFi,7LFYBv2FQDY6aw5hL5SBCW2PiHG8TmENxBnfUnCksRbs,1,0.02,0.018
HumidiFi,7LUdmaB44XtN6qjNnr6RoNKCJKihbLwqLroxMrJj9TBN,1,0.0,0.0
HumidiFi,7Mdyzko4iC5DGhBSMMkSWL8YWX9XgzewkS33NtGCji9m,1,0.0,0.0
HumidiFi,7MwVb1czz5Jru8uKPQfNjyk5hbwvqLdCj3FoRcBNTMof,1,0.0,0.0
HumidiFi,7Q6bYCgz9y5aVRMpKiiuFgk5hN4aS7HxM6XLJhRU1BH4,1,0.0,0.0
HumidiFi,7QEGRUVApTMF12uRVNTNLKQNJPpXQxfHwi4C3aVdbpP2,1,0.004,0.003
HumidiFi,7WAXQezkPkkemLfCQEGBHZPDhZnoW41yRZkVusYPemsX,1,0.0,0.0
HumidiFi,7XAxo6afQA8p1VtpEwBrVu4zA23ggu31zf57LTeNZBPC,1,0.0,0.0
HumidiFi,7aqhvg8RPXeQsDaTtnMYoGfVtvL2gmY8ni2axqWkLruy,1,0.0,0.0
HumidiFi,7dE1c2iiNs8RW3QJ9fh6DNwRNvWvGtVJsFXsQt26Mi9k,1,0.0,0.0
HumidiFi,7dGrdJRYtsNR8UYxZ3TnifXGjGc9eRYLq9sELwYpuuUu,1,0.02,0.018
HumidiFi,7fZGBBGETJuaHWizAYp58UK2Xx5F7WQMVCSoDVA5AwUu,1,0.0,0.0
HumidiFi,7i5ETxz2AJwaYTJxDirfaC3yxaWU6Rzktp1Bo3tmpqbw,1,0.0,0.0
HumidiFi,7jN6hUdNBdkK12wVM2iydxx9hzsxUhUppmr99Aeu6cKb,1,0.01,0.009
HumidiFi,7k7tB1bmrvSZuRHjUusS23zxGhujBkDnRU2cqEb6aS8Z,1,0.0,0.0
HumidiFi,7mPDp8Hzr4aMvAPKkEywo89gvc9UqkLA9EPPFumfCXij,1,0.0,0.0
HumidiFi,7nDoPSTzca2Pe1iTpXqaN2wcmM1kAe4obdgXRj6pxGaa,1,0.0,0.0
HumidiFi,7nt9F64BDKEJbVy52ANfAv3Mfc1YTHCPo89m8FoUW147,1,0.0,0.0
HumidiFi,7rtiKSUDLBm59b1SBmD9oajcP8xE64vAGSMbAN5CXy1q,1,0.02,0.018
HumidiFi,7s5xxqsB7zaou86DSysNnnpWJq6KFMVqUusF3mQDGQAk,1,0.0,0.0
HumidiFi,7uS28kzeSumdZf7zidJ77KdFFCwJQ7kX5VtCjquPAZYB,1,0.0,0.0
HumidiFi,7vrBGem2RuvKNo3kD7KNfdcjTV14QX2Lp68JdLVH7P9t,1,0.0,0.0
HumidiFi,7y5M7bYtFpzehUkBu1iL11CiXKMZaJ2Q8yiqEXZ5WgGh,1,0.0,0.0
HumidiFi,7yKvtRRTj16zFJncWFCw9QyBdvr2TE66bVKGUph5aEEp,1,0.0,0.0
HumidiFi,844MpMZqVns6x1EYUY3dFbhBkKyBeHx8yYTi2RAJb8BV,1,0.0,0.0
HumidiFi,84oZQQau8oaCoECeRKiQmhELGXEeL87oiR52DLS8DwgP,1,0.0,0.0
HumidiFi,874ZaEvRA6eXaMLime9vTXpjr524rPfCXYumJBmFKbBg,1,0.0,0.0
HumidiFi,888SGnyhGzqQuuWDVL48tn7xJsAEV259mK9V4YEcUn6f,1,0.06,0.054
HumidiFi,88S3zQ4RhahQJSMrusV3sxhZXJewo4oQ3ErNTXaN9VgR,1,1.85,1.665
HumidiFi,89cVjCeVmV7eCXv8pQZZ4y2eoFAZdWzyZXfY8Qhh1X5,1,0.0,0.0
HumidiFi,8BqPz57R477iHSEwZpryDh8u6PD6fdmzKK6Wn9AjMnK3,1,0.01,0.009
HumidiFi,8CbQZKueinuz6BqHyE2KEisefv5eXFRMuakJ3Tu1HhVo,1,0.0,0.0
HumidiFi,8EW3jUk5r8FxSDSAAAQRJto6QrAWY7zDXtpwbHF9LD1k,1,0.0,0.0
HumidiFi,8H1Lqr6t7kvx5BY1zLkkARj8pksoXvixwjKBdvVC1y6U,1,0.01,0.009
HumidiFi,8HMHXrgsMH78NqqbDMNk9UB7ESU9e6bQVU2rZCabqe6,1,0.0,0.0
HumidiFi,8JZZ2z8SyPdiJU8XBEfP8zfshYLpNRJGZcFKsMf2vwAz,1,0.0,0.0
HumidiFi,8KSMAdTC1RaH6ipACgw7Wy9Ton48nNie3Z5dsj8xvejT,1,0.0,0.0
HumidiFi,8LH6ApvA3L1jVoup2jbpubCeSC87Ynmdeh3xzb9eFWGL,1,0.0,0.0
HumidiFi,8LqVdwKLLYgrFJfcUrRBQTwen3jCRRuXtN82VqVAVFPf,1,0.0,0.0
HumidiFi,8PS1RZU7T5ETJk2rBytT2UNyMuLF74gaggMTPE2ART8j,1,0.0,0.0
HumidiFi,8PsroLC8fQUCY9Rd9X5UjNbjXthEd7vJmfifyiTKuWan,1,0.0,0.0
HumidiFi,8PxmtfCq12ow7b8g73KygvUYzgmskdAEbygurL4jhMFp,1,0.0,0.0
HumidiFi,8UCkwyUzaNG49SjaqNAMcgQQcgTQ8Bigixbsb4yj3ZLo,1,0.0,0.0
HumidiFi,8V8gCnHcQo9k7dBEag21hdkLXDJVXvx3KLXYB8NB68uZ,1,0.0,0.0
HumidiFi,8YZsPXFHsL91m9MQtPuqLCf7USJUarSrfu6baAKLXfty,1,0.0,0.0
HumidiFi,8ddd5hQJCLoZLe7JNGF9hxJdqEPM6U1EDgNy9ncvr8AV,1,0.0,0.0
HumidiFi,8gzcxch799t9an1P8DNXxjzL2V6Yche5TY5prjf1jL9H,1,0.04,0.036
HumidiFi,8jj3ypJ3Swq2Un7kspUwd3dhYW6SH8pNhzK5dKAHYALH,1,0.0,0.0
HumidiFi,8jtt2EgUvMLnoCamfRwXyMCF37HTrtcr76VL16Btbwro,1,0.12,0.108
HumidiFi,8oKVwqA5S2B7g2Li6yqZ4KKghpER8G1vj3bbeg8dFkSw,1,1.26,1.134
HumidiFi,8pfCWUY9iGGvX4HiCvCycs8HcLv1N6ZyKEp8dMCbK4dW,1,0.0,0.0
HumidiFi,8psNvWTrdNTiVRNzAgsou9kETXNJm2SXZyaKuJraVRtf,1,0.04,0.036
HumidiFi,8sQhXy6XVTFC3qHGQruPJHEYNUeAuNnT7DPckzBzdtKm,1,0.01,0.009
HumidiFi,8syixDfG3RQkxZT2onnGVmXav73FcKvnDzR9YXexRLsd,1,0.0,0.0
HumidiFi,8vWRmmVFGXZkv6TtyfThkWmHJ7KxojHLwEQj4meCyFE8,1,0.0,0.0
HumidiFi,8xgss6swiceVFqUdvvvYobYZxb8KsuAgND9Ua43WtKaW,1,0.0,0.0
HumidiFi,8zrxRCK1HjFNGhsvc7NJXfj2ybPxR3p25FhwFmEeyrAe,1,0.07,0.063
HumidiFi,92SPoHcXzL7PJJQMKs2d9F5DvhDwh1GSM5nPAXAtdLg9,1,0.0,0.0
HumidiFi,92eSno2a7EqaBrj11tqxwaVTyZcwxhRNKCQsznLzDm25,1,0.38,0.342
HumidiFi,96KutGNeo1JwdLRgH6SJTX86U72c1dPDCrp4GDGkfj63,1,0.0,0.0
HumidiFi,96RRkzXYv5x5UB9aEnqX5W5R3zLduQ23upiAfqUwa4L9,1,0.0,0.0
HumidiFi,98C5TeY3cNWuwLP2TEMEZwSZ3CKDLBYm6RybjpWH7Nsc,1,0.0,0.0
HumidiFi,99WHBf1vR8XQtMsMKFU3JMh6ZihZSVSGDjVtyABbAM9J,1,0.02,0.018
HumidiFi,9ALtCwp8AyhEFd4yQEqKAgL9tpkekpsm46bChZcRMibu,1,0.39,0.351
HumidiFi,9DQsDZ8jj48cf5Mn1DfLh9QPpE8PFeJEV6oDeKGtHUbd,1,0.0,0.0
HumidiFi,9FHHDA1ZG8akKPV4YemPNA1usispmPS8ALU4pEDWXsQK,1,0.0,0.0
HumidiFi,9L53wYkZdrsTM1Tk2KCwQ6hwCAtif4WVVvR3TmL8ScSd,1,0.0,0.0
HumidiFi,9LdCS2MeKrTVd8c88JzL17QDetktbKbSab5ZGVjSRk8a,1,0.0,0.0
HumidiFi,9Mo6AZL7XCpACiegNHMCWo23xV41YEW6p8tnyzmsXbwC,1,0.0,0.0
HumidiFi,9P9uFxCtompLcJmu8HW8mfSxqSMXeCvtUUZzAVKdSS77,1,0.0,0.0
HumidiFi,9S5CTsK7WubeqfUYQcs6SLeDAPcZVTRJ75zmM7G6hfUQ,1,0.0,0.0
HumidiFi,9SH56muxwZN3z6gM22cvKJtmVXRhRPFXPNVt3Phvejb8,1,0.0,0.0
HumidiFi,9TXFVx8N9dPneS3ETRt8KWtUXLRUsz6j6JM3bEXqkR3Z,1,2.71,2.439
HumidiFi,9UFJaGvVyjx4JtDTWLc83enKMDHyhiwTrwwuECrqWAF5,1,0.0,0.0
HumidiFi,9VxaTLg7ZDVbEFR771Mzr1rFMZN3qt884bGvUsycCUv7,1,0.0,0.0
HumidiFi,9Woz9wkoUWe7gSZu9ovvRRBy1XyKNF1K2FVq8o71nQqQ,1,0.0,0.0
HumidiFi,9WxWbsmQ5ymGWLXopHqekQWZW6aZQQWMonEKghJMbMUK,1,0.0,0.0
HumidiFi,9XLcx4qeRMef4S1uMTsyv5Uv8SAXpo8aE9d97NDxYRvL,1,0.0,0.0
HumidiFi,9XUWb3unwaGczFkEJAZiQd2xaZmm6NK68G775JEn2kaZ,1,0.19,0.171
HumidiFi,9bdreVVGoJ4EpMTq7x57kz2AbgSQJBhZHs3dRNbcnpgF,1,0.0,0.0
HumidiFi,9dMJsF3QtFzeWsfyHjnQxMzK4Le2LuaUYmatMXNXj6Eb,1,0.0,0.0
HumidiFi,9e5YcukuZqfPUXLQ5WrCQWQVRnQUEvhDmSKoesYqNamJ,1,0.0,0.0
HumidiFi,9ioes2fCxNC85jfv2s31h9kn6wxyyArMfjcfv8uCbbE1,1,0.0,0.0
HumidiFi,9jR9BNBX2H9WWSXS24FtuRKgXYW8FGajwQFrvGPXfyXu,1,0.0,0.0
HumidiFi,9kDGvfYmpxRHzDeMZM8LroCpr8F24AXE5ErYb1Cycq2k,1,0.0,0.0
HumidiFi,9kRzx2yVKEVRtWanC3S3WtNRKLfrcfnftjX6amvb2A9M,1,0.0,0.0
HumidiFi,9m5oyKCbccxTGphZkdymU5MEpWZfhrm3YVmCJmni9Kfy,1,0.04,0.036
HumidiFi,9osj5ksZcrYVeft5pjN1KUNpuM9xiZpjLPxtiMHG4AT5,1,0.28,0.252
HumidiFi,9sfqVKPoUQoFHm6FfSRiKKuda8XrA34Gh5gLWWdCEycv,1,0.0,0.0
HumidiFi,9t53H1uibzD72tQp1CGDDfmNJLvVo17KCfJQtcRa5UKp,1,0.0,0.0
HumidiFi,9tyBHgrhtiRQVFnyofCtZq9u8v8wwSQNWeuzU86A2VR4,1,0.0,0.0
HumidiFi,9uk3TtPheojVGS7MYs9AVuswHEJpWT1TaVMkd1dD9LRU,1,0.0,0.0
HumidiFi,9zFUC58tWd6BwxBCRhH1oAkitAsGKcgtvFHN7suvqfNX,1,0.0,0.0
HumidiFi,A25WcRwjftAgiPrKp13Zr2jQ2UUigwbtWBNMgEzRgPFZ,1,0.0,0.0
HumidiFi,A2QSmHDRbj5Z2UDR52DMcZPsXtpCNMByxnBhrALtnNn1,1,0.0,0.0
HumidiFi,A3SBUE2ERJkhRyUGRzoptZJtETqjWPViJimfnefCN8RZ,1,0.01,0.009
HumidiFi,A3vFkGBrj4MRugemEXWdSFztWgBXi9eQPtD3V28Va7WH,1,0.77,0.693
HumidiFi,A5rVGhwfzhRfs4gR5bWUN3XoRwrx6EE1JhqtLvYP5bxw,1,0.0,0.0
HumidiFi,A85iydEG8GVGhS5Aqm4yeGUioXHY9gU4f6pZ5aB3XjDK,1,0.0,0.0
HumidiFi,A8A9GoxfmcjY2QAQ8tYS98SqDBF6hUFDmxAKBsLw29sL,1,0.25,0.225
HumidiFi,A9Dxn48xkv4HZroeVrWM9oMwBW9zA1MQW5iK2wxsKUSF,1,0.0,0.0
HumidiFi,A9wCxeMLRPss9pGgp15j1JuafxhjFHswEPCmYtu9hRYG,1,0.0,0.0
HumidiFi,AAAAhimgGTLkft3X2J8F7U9DAaRhxHGzdedhFtAGeTsR,1,0.03,0.027
HumidiFi,AAFzDkVGYU66EJEr1WS5GJ3T3hvTnwtZ27XavuRxsACn,1,0.0,0.0
HumidiFi,AAeNTW1VN1bhZgVKTnjga264sTzwmQYFLoMsZk2XrMiK,1,0.0,0.0
HumidiFi,AE861PyrYJXm2TuxiMc8Ecwo4YYgAHfcYum3GWpSRFe3,1,1.21,1.089
HumidiFi,AE862TWQFAU6SCu7X5asMEB4ZQwvWZesnc8dVxhkqhL1,1,0.04,0.036
HumidiFi,AE8635syc7jEWkmRfo97ypBd4TwhuZSyvPTsKF3hAFgb,1,0.07,0.063
HumidiFi,AEB9dXBoxkrapNd59Kg29JefMMf3M1WLcNA12XjKSf4R,1,4.32,3.888
HumidiFi,AECTMxLqHaSL8QznVZSWp3ozuKjzKfRPTy65ZP2jdvvr,1,0.05,0.045
HumidiFi,AEX6nYEDR8zVxjEG4K22w63axgMNbYyqMRzEqUkKMzJn,1,0.0,0.0
HumidiFi,AG2UQKHngd3p6pTLJjS5Bk1eRVAEJAvNA89f6VmJrQUk,1,0.62,0.558
HumidiFi,AGQHjsHrLVwpw1tz44xuVr8NgCimQyzQ7a1nCq6QYHWT,1,0.0,0.0
HumidiFi,AGiVBtQKg8hdGk6pPpv9frKxuy71N4yWMKrD3o3mKxjm,1,0.0,0.0
HumidiFi,AHoKsyg5pCkpgNwt7Z71aUjTd4uD4bCe6xF49tiw6BQv,1,0.0,0.0
HumidiFi,AJiTgSwXtRifjEiVoQM12hPtKRkgjcXHKkEX8LFHmb9D,1,0.0,0.0
HumidiFi,AKsfPYRsQ2F25CfHYKg578bKUqTG8ikDW9Dwpf96DgnA,1,0.0,0.0
HumidiFi,APXXiEEP9kCNBE68J34NQM2yqYjYMCvyiVvmryGqEm22,1,0.0,0.0
HumidiFi,APkGv3PxJWbTNc7x5mPGUhNdnq95HH4p2qzxBMj3fjYY,1,0.0,0.0
HumidiFi,ARBx73zSiEhM1fDhX2vzQgWLqNiGXuhDZUuZVEuBwJ1m,1,0.01,0.009
HumidiFi,ARBx92tyV8htTbEWCRH22tgje5vUeCkZm9p4y6TjJCjN,1,0.02,0.018
HumidiFi,ASm9A2LEHgsdxTwxPEQohpuw19gAVBDWMhAKfwRkm91,1,0.0,0.0
HumidiFi,ATQs6A92eUzdxTBsQhRJxxJDpgYDTGvLnU4e5mMEfY3k,1,1.97,1.773
HumidiFi,AUnXE58rkkXGjwEuZ3CuKVkDQbVjnhMzXSA7YH9czXe8,1,0.0,0.0
HumidiFi,AVsBvTv1LPnZn8qkJRzLqRtTU9eHzdp2FueRZWtTNmag,1,0.15,0.135
HumidiFi,AW48B4NA7dG2KutE6SEjEfQ9W24uc1K1e2Zrfejz5KJp,1,0.0,0.0
HumidiFi,AYDm1Fay1VHSWJzUNJuJwYvVUEkutVP4NUzA95UuzbSL,1,0.0,0.0
HumidiFi,AaxejZ2Fj7SmuZbB951PxUy1r3L3uKF91dwLcH7F5YUA,1,0.0,0.0
HumidiFi,AcamVwMpr7QjiCpwKdCncmDHKewTLsGMUtSRF8M1X1Yy,1,0.0,0.0
HumidiFi,AehX4syuCCaaN82VjUx7v5AAsuY6C13BpCsyRFQ9tVoQ,1,0.0,0.0
HumidiFi,AgCAyaiLMyPwExWbtpGRpn2i93Lp3bPgJbkwi1Eatgpq,1,0.0,0.0
HumidiFi,AgmLJBMDCqWynYnQiPCuj9ewsNNsBJXyzoUhD9LJzN51,1,0.3,0.27
HumidiFi,AiH2ff9tN2VKwUXVXJawEmAxWkBTZoPPcZGwHUmihjY8,1,0.35,0.315
HumidiFi,AmvE73obPCYTfzmZ5oKWCHWhow4m8jUYpVvT8CSmQkZg,1,0.0,0.0
HumidiFi,An1RKaJEH9yV5fxz5TZea5V1Cz4ebcA8JjTeo1sc4zLU,1,0.11,0.099
HumidiFi,AnYREiiPFqVgW2tZzNFEz66RWAwfQBFtquVLDrzXNx9A,1,0.15,0.135
HumidiFi,AojMMS7q7LFB1NeHSyyk6udV1z82JutmY6X87ABkMZML,1,0.0,0.0
HumidiFi,Ap7awVVYi4u9csvwKGKKK5bBDjYGxis5FJ2ivAevq72M,1,0.0,0.0
HumidiFi,Aqp6seR9bvVuTS7Edey5oRRPwaoiaedp5K8YHUdh72Fq,1,0.0,0.0
HumidiFi,AvF1QQMbS1fQ4tBXJXTZJKeAUyVsiTQkWqTFVELwYAQf,1,0.0,0.0
HumidiFi,AvqD8BYsFmjqokeT5r8cEa1ncQwodMf7HEuvgaR6Moj,1,0.0,0.0
HumidiFi,AwiBxW5qZKF2qkG8zWtndhKXgEG25dBdpT5KRpPdjJv6,1,0.0,0.0
HumidiFi,B1VTs61eWUFdkpQy1WZeeddM6DrFwvcMn8v6ZU1DDPER,1,0.0,0.0
HumidiFi,B9EXiGxf3Tp6rCxa9rZJJFHXsrPqWh3Z8MUfJFcsBf7d,1,0.0,0.0
HumidiFi,BCE9ic3dPTAfX1Y7ccLc8ms2UrHV864RGUZjEL9JubJh,1,0.01,0.009
HumidiFi,BD2Kk9aLxCYY89x4iVe9vo3YkfDoKUvbs6k6xoJHH8KF,1,0.0,0.0
HumidiFi,BD7pZcJdoRwgxy8GtmAXkjHo3GCUv5dmPy6G8ZoV9cCt,1,0.0,0.0
HumidiFi,BD9ntA7fvrAfExBf1GR5kBE7cvN9Yo4cstHZZxLDXADQ,1,0.0,0.0
HumidiFi,BL2uHkBAyBzTekhhSH1NCK7Q5ifXnGeUb6SeDrjT7c1y,1,0.0,0.0
HumidiFi,BR4uULXUxbVUNgFjLWy9rSWeTUnUpNVcGt8mDaXzx6Mg,1,0.0,0.0
HumidiFi,BS1aGEVAX6X5Xqbqs9eCCpEAigZ5wQgX43TkFC5Pjfj8,1,0.0,0.0
HumidiFi,BS2smLyAUpPfoTRZqM2RkAaevDeAw1upDxZveweXuZwY,1,0.0,0.0
HumidiFi,BT9wnHqzB7RrzrEhUPanRFfH8EpXJz3AGGvxPWyCNxFT,1,0.0,0.0
HumidiFi,BWJZfYJQEYXStbhTjc6h1ns1amjetDwnK85ecmRU9otq,1,0.0,0.0
HumidiFi,BWVP7s7VJYUBK7RxdBLX7KnGfg3LJVyNSSztVdQZh4oU,1,0.0,0.0
HumidiFi,BWaQQwcdUVwZzEsiTRrzJ48F6woAB6rkBNzvBqMtC5cG,1,0.05,0.045
HumidiFi,BYcqySzY37qiVH8eZ3pFQqE8DhGSo6NoTps9BFbe149F,1,0.0,0.0
HumidiFi,BaAkWNtTgagojaRMdKWtmHdi9XqM9tnfAXRENcY6Vcw5,1,0.0,0.0
HumidiFi,BbwTwn8sdbvcPG1yDvrxreoyJDKFijoUYFjucuGBmYmC,1,0.0,0.0
HumidiFi,BcXKmU7QiziVPgivYbnT5YtFL7hu4SnyUxrnR6WSvhX9,1,0.0,0.0
HumidiFi,Bcw1BGy3j73pYJuqqVHsRNmagXPZVvP4XRU5NX45ER1L,1,0.0,0.0
HumidiFi,BhvrDeX1FB5gKXqJ6HS46Y82kkUtwkFWQ4H4RrkLu897,1,0.0,0.0
HumidiFi,BiYUaVVrMmAnb71URSGjZ5QM33zuauKTBtZUVgySRzMu,1,0.0,0.0
HumidiFi,Bk92kemirqLifU8pMN51iA7nG38DpgkA7HgS6qp7EB3T,1,0.0,0.0
HumidiFi,BksQAnontFgYeYMWMLWZngX6m3d88j9hvJazwDrnKFZB,1,0.0,0.0
HumidiFi,BmbwYxVhrCRo2U1CDqjWSWHAiYDM1uwfi4dHzsY9Yr4B,1,0.18,0.162
HumidiFi,BnEELDPhY5bmAPkSgrYkL91tNhuvtrKGoqBsRPMAGRXB,1,0.0,0.0
HumidiFi,BpXkdbBxxWmAyroyLG73ZJA5RDTw3fsB8Pef1RcMUt3m,1,0.0,0.0
HumidiFi,BpZpRbuyiqNrdnxnWQrzN5cX8g3ymaoJ4qB5TJmUsMGk,1,0.0,0.0
HumidiFi,BsJ6PYNoXPG2amR972p6w8o8q4rHbFoZfqsEuQwVWojN,1,0.0,0.0
HumidiFi,BsiTW7oHsqLV1TZs57U8hSyRo2FAwsbzTU1BmsqQRqGh,1,0.0,0.0
HumidiFi,BtrQyhDVXmxzdp68UxgzimAzs9mRweYxYFpKHQ9GVfhF,1,0.0,0.0
HumidiFi,ByiM8skpM4BrYnhfZX21w23Wt2KMU686daG8uDuNUmU4,1,0.01,0.009
HumidiFi,BywBNBA1nXMDAhfYrW44UE5nkha3oSsAcy7g9quDpGLg,1,0.0,0.0
HumidiFi,C2bK8HFrL71aLnpyExVoJmqjDPA9tbLMXcBNAkRQnLfQ,1,1.51,1.359
HumidiFi,C3Ap6RgSXAT2jLn7XptJPYivUDoF6N9pexx7apH4CvUL,1,0.0,0.0
HumidiFi,C9RFdUvMBRmmZjLC4BKqQ223LSeGM1kCw2jsEWj7cNbp,1,0.0,0.0
HumidiFi,C9u2k7T22tbM7C53wMWZHKqVJ85eiBdrvjCu6gLvMAhe,1,0.16,0.144
HumidiFi,CAttqGFULTV9kPEsbaUhuGs5pQgNGdhH1CL4jD3m83sT,1,0.0,0.0
HumidiFi,CB7cQaiH4fWMkfhoPJubsGCMFNtzo6PWqbV8rAcJUPeg,1,0.0,0.0
HumidiFi,CCJZACBpyRsGDJwPsyn8yP5Y53XvSjVuhVjHJ8psyVx2,1,0.0,0.0
HumidiFi,CEA2p2K6S5YAtpDFKAtY9QzaFLGigqmK9czJ8xRxjP99,1,0.0,0.0
HumidiFi,CEEXTqHaqbVriXoW4uvdaPShkMaHg9AWnFXLS1nS887C,1,0.04,0.036
HumidiFi,CFE7zsBre9XthHiTFtvMdHbeDHNNCtCY4ATafL1Gidz8,1,0.0,0.0
HumidiFi,CFnU7Lx2xZhufYVrwmsdRbSyxcLAnJvht3ND7a1iDpqA,1,0.0,0.0
HumidiFi,CGn2BDbPApn9p5LLxbnNH8VuAhBMWSyHVVDPCTo1Rheb,1,0.0,0.0
HumidiFi,CM8PB1jB4fbUCGRxRRCyVuF9cn3MHA78zsuEeTVg6RqF,1,0.0,0.0
HumidiFi,CMXih89qnxo6NNn1fCMwvvGRconDTFEoMCvzvaBzGJwR,1,0.0,0.0
HumidiFi,CQagWnPdPSz2jLLoceqGAam8oiPJ9EgugPgvohy7nSEG,1,0.0,0.0
HumidiFi,CSAZoZZwdoY42hQMVFHK16fkrub4J3cFsSd4wZtQTSLr,1,0.0,0.0
HumidiFi,CUnovtRHzkLDXhRuJm3a9FjhdVdyY1KcySRPdiomiQDD,1,0.0,0.0
HumidiFi,CaFnFHrWEn7ZfnEu3sZiMHbtYtsMpWgGD3DxkqHWiiRJ,1,0.0,0.0
HumidiFi,CatyeC3LgBxub7HcpW2n7cZZZ66CUKdcZ8DzHucHrSiP,1,2.99,2.691
HumidiFi,CbAsNaoT5tywxfjuepNH7yJwhva7ekXXszB6f7iQQmH7,1,0.0,0.0
HumidiFi,CbvTTmxWwHXfXiT9aVc9rBEYw4c3EwM9E8Xaji6aSjxQ,1,0.0,0.0
HumidiFi,CcUrRBMqrCuMPVfd6sVTBJhyhBA1dE7qDoJkSy95bbcw,1,0.06,0.054
HumidiFi,CcaK2Fs1P1VYLGR6bvsbpyhV3dYJW5yGFnWamQWfeTuS,1,0.0,0.0
HumidiFi,CeNtkixp19RMmp5jsSUDW7ny6KSiBmRo3j7cvMkUiTLp,1,0.0,0.0
HumidiFi,CgeCCF1khuPwtXrd9NYXLa1pNEhQVecePfHHHU38REQJ,1,0.01,0.009
HumidiFi,Chm71sGyuJqXPdHmc2UzM4KCwQzGtKt4eD9pr6rjgh7f,1,0.0,0.0
HumidiFi,CiKwxA9soJp5aEGcoQfBi412qMeCUikjtyu4PPRPksXR,1,0.0,0.0
HumidiFi,CodeP7hrXAAThQyogRLwdKLJ5iTjDfM4nBrYN2QQVzd,1,0.03,0.027
HumidiFi,Cqh1UYVXBNzc8h2YgFeMhXgCSDpuTXvXbF6ats7cfZiE,1,0.0,0.0
HumidiFi,Cr6vUmtz58dtsyDJX2GKbifgYf7zvwgPt9HyJvwMRLL8,1,1.19,1.071
HumidiFi,CrhGJknir1ico1Sg6GeJLRQtq7TSArRmQ3TGAm5PEETc,1,0.06,0.054
HumidiFi,Cs1Ko5ZwzkRBZUCjkjQSCLEvtt6oCLcZjk7QTstMC8WU,1,0.1,0.09
HumidiFi,CsjuX7oiUZf3sRp2kt6jUPCW3PcPpEyXAKvjnyipQjPC,1,0.01,0.009
HumidiFi,CwBi95jpfCyxgprwuMpjCLoAXATSehAbtniQFUwtc2YV,1,0.0,0.0
HumidiFi,CwhHRY1Dys5supiVSru4aSCFaqHbtxb3Xvxm4w6g34DR,1,1.14,1.026
HumidiFi,CxWo9DJqgfLhXxxkcJ2z7GgesfLfowykbmo3YrwN7apu,1,0.0,0.0
HumidiFi,CyUaByzQjWBc2xQDiLZP6nx818WEVpyqs2XcEC1Gm6kL,1,0.0,0.0
HumidiFi,D2ayC6Ftp1yYpoaMtW4g3NraMDfhzdpnEUnkmi3uJxJJ,1,0.0,0.0
HumidiFi,DJocqRPK2uKWvmR5WnWcd7m8fDw6az1L54R4UuH3GrGN,1,0.02,0.018
HumidiFi,DKM2dWhX5tebvGPzxBzC8NVHnn11kHXgdsZXQ3jamT3X,1,0.0,0.0
HumidiFi,DNYdyjVsc8QGY2P6Qt9KfkHVjwTEZb6ukZ56rkBdDjDe,1,0.01,0.009
HumidiFi,DNeVNvNMdP29KGWqdv3umqFAH9QVg5aw1RLNaKNy1Gow,1,0.2,0.18
HumidiFi,DTExpjYogajtxY81ezp4giroH8MgpHT5xHu8ur6KVC1W,1,0.0,0.0
HumidiFi,DTSS46BcTdgN81DEFYwDgDgMQjQWZFKvTFcbZnzkm8HX,1,0.0,0.0
HumidiFi,DUcEm6qDzVEGB7m7TDkqgQ9vsGkZFpNgVxfHSi931Yka,1,0.0,0.0
HumidiFi,DUvvMdjQoZxRcJJmfs1F9VLgyqiW1HC8cfximJmTCA9Y,1,0.0,0.0
HumidiFi,DVYLA2Wmv1RWapociLsDRFhiFK6x2XuPBwFB3vdLXgc7,1,0.0,0.0
HumidiFi,DVYLBCYrAvJfHQk7F2zmfEm6qw83dqVat3BRT5x2zi1e,1,0.0,0.0
HumidiFi,DXU8xznDHWj6NT3GRVeGQB6n1f7C6W7QGthoxRzi9dZP,1,0.0,0.0
HumidiFi,Dd6PejBGtUNVJsjNfCCmHmoXCebWGnw1R3AGSRBEG6tE,1,0.0,0.0
HumidiFi,DerUcemXJpfGcL4mNZNcku5pqrt1bA3vw44LYC49bK8a,1,0.0,0.0
HumidiFi,DfhNcLVqwiiC1S5Zh5vUFhTzboXrFxD7iAo3PR3XqJA5,1,0.0,0.0
HumidiFi,DiZrN2v1y7jmTrSt4CwrGnLKcp4LNDnNMtw2G56TD3e9,1,0.0,0.0
HumidiFi,Djw5nBmxDeQrHXxnS9nAj95rsuT8pgTFqPiKo2JRw71z,1,0.0,0.0
HumidiFi,DkV8QZdg5GH7Bb5NteLJVYCF2mwBSCFt7AcTnmVvTfeW,1,0.55,0.495
HumidiFi,DkdEhTApz1jMmD89SKRjJb7msc1aryHmhQBVXppt7F8i,1,0.0,0.0
HumidiFi,DmWpbyPwHQx8UrqtZgKZoXTZqxHwXu4eUHmPtQ2ukPpS,1,0.0,0.0
HumidiFi,DnVr69cpp3f1j319EXLgzMpwSJcTLLDxFNYL1mcWFx9R,1,0.0,0.0
HumidiFi,Dog1YVcGCdTYNpRpwUdod7zAGjztVL1ZeHAVYaYD1h5Q,1,0.07,0.063
HumidiFi,Dy6hoQruoU9NP9Q2GdRCRt2vRmfW9C1JRKXk8qhWQwdn,1,0.0,0.0
HumidiFi,E2MPTDnFPNiCRmbJGKYSYew48NWRGVNfHjoiibFP5VL2,1,1.25,1.125
HumidiFi,E5UBNwkEH98qzVsxa5GsL29WzyxGmj5fYKRt4wRvXyYp,1,0.13,0.117
HumidiFi,E7NiPkUj6uaffbEQXtgFBMX9LUEmUepmECYzpK89suTp,1,0.0,0.0
HumidiFi,EE5GHorcTSkzyGntVhitCPYnvmE5PhBcDkebiNPySjjc,1,0.0,0.0
HumidiFi,EFa6BUUnQVXSp62nMANfNsRejqDkAwPXnBCb8bEtLN73,1,0.0,0.0
HumidiFi,EFw7G7rKEagCcq3aQ63yb6Zw8AE8qfq1Wwavm2gcF3hv,1,0.01,0.009
HumidiFi,EJdrWPg32qHnmc3cwgGRfTrvWpQkDH2vHNGsane6WFGd,1,1.27,1.143
HumidiFi,EKxCfcZL8KDBg3gNfDdWWDjeUP1mXfJnBnruX4SQ8Sig,1,0.0,0.0
HumidiFi,EL7CcmxLqWzZ6zY9rLcvWtN4fBjixdy8HWwkLvCasrpm,1,0.0,0.0
HumidiFi,EQvk37i7dCkXCaCsodruGSJ8H9xJe7jru5T8UianJ4Wa,1,0.01,0.009
HumidiFi,ERrNJZPZtEXei18XdKjgpSS5v88V2kY9R9uPsB3ev56H,1,0.0,0.0
HumidiFi,EVJEiE2ZvFj4kSEWhzunBgWc2E57qFG95MPYoJwCvgM9,1,0.0,0.0
HumidiFi,EXYq2HaS5nTarjzNHVYfcHbAbbLDJTPYkn1Jb5Q6bGz4,1,0.27,0.243
HumidiFi,EavG6do73QijbXchvSdZBoRcUN3sPmJfmMxGf4DtoUo4,1,0.0,0.0
HumidiFi,EbNwe5MESb5qL8FcKZYaUBGhe5RNsrRehQ1RVVhhEU7K,1,0.0,0.0
HumidiFi,EciGzv86MdB6zLHkoLPLiAyU37BQmpJyY7yQb7SPG9zS,1,0.0,0.0
HumidiFi,EetSxjJxvxw5q4DvSPAb7RDwSFRVo4JNyc2E5hiEnY3z,1,0.0,0.0
HumidiFi,EhVrfE3mUSRWSTGFuhhxWTZPnihQo9cHkKhhbdPf5Cyf,1,0.0,0.0
HumidiFi,EheThJjikDUcXSgZoa45xguwrU656ih6XPrFnEgKpyA2,1,0.0,0.0
HumidiFi,EigV9JRLvWsgrLtRfqAQs5a2bBZCiQPLRQTDScJFupMJ,1,0.0,0.0
HumidiFi,Ej36NEQ3Ha5QQzpkuDDgMukwAyZGKCKoEZnELEohvrfV,1,0.0,0.0
HumidiFi,Ek1j52RBc1nHLMSSTcGRvaum5GA4XAhxtvRq3f7PAYQH,1,0.0,0.0
HumidiFi,EsUYsaTxWG5Aon5QrVBTHk6QJiBuqoGBpZE8TJcj5vRo,1,0.0,0.0
HumidiFi,EtXLtDXAH2PNe8pTWMMoVqK9d9vDTa2XvE1Pp6C1JwA6,1,0.0,0.0
HumidiFi,EvPwzxB4NWf2xoBTMFEkmUhzH28CPhgjNKtQN9yaSjLD,1,0.0,0.0
HumidiFi,ExX7Qu8sdBRR24wRbzUAumCwyWVBssMcWQtdskApsKMf,1,0.0,0.0
HumidiFi,Ezu9vUZgd25Wuv6k49jaVkXFTawtxhEoyatnwJQrtzND,1,0.0,0.0
HumidiFi,F2ABsg5J6Jp8wtJVd4bUDAPUigKyf9VzNcRyABUAWXZV,1,0.01,0.009
HumidiFi,F3cCp6xAb9FTtKaYJXpFi9W1gAMZ9XzcfThWSK1SxKLH,1,0.0,0.0
HumidiFi,F46MoWLVMxrDVZ5Xeqru3ENHp4cxoj4aUyRSsFarg4dg,1,0.0,0.0
HumidiFi,F5zjMBXfeUQQ5treFVKVgD5ov1H9usX36f9obzxzDsRd,1,0.0,0.0
HumidiFi,F63wp62HT2wuCj5ZVfQGLnfggAA5hzPTh9Zwmpxxg6eY,1,0.0,0.0
HumidiFi,F6YcizwZA2UPZ9GRbewwZfUsK1z4ret2YYeZMVHbHjPy,1,0.0,0.0
HumidiFi,F72judnNNkyXDRYjgPKNpiEPPvs7yqgyoRh3JdSgwMSZ,1,0.0,0.0
HumidiFi,F7dT1brjdwBE4TL4SXgHwP8Y9xttDbBxbD6ZtHkU5eAA,1,0.0,0.0
HumidiFi,F7eGhuoAgn2MJuRs5hn8vxadBnoZidaXyNF51j4DDCSH,1,0.02,0.018
HumidiFi,F7p3dFrjRTbtRp8FRF6qHLomXbKRBzpvBLjtQcfcgmNe,1,0.31,0.279
HumidiFi,FATEorZGqsxg11TmJVRdX5WZ12bQpdS2Va9L7iHWzcHr,1,0.38,0.342
HumidiFi,FAzY5522HMCBk8hAwwPmDebLJphMETRwiQq2rXC2dtQw,1,0.28,0.252
HumidiFi,FEsocGwkeprEg7sJuk1qLGqatxdCfPMRGdFsQqaWGsuq,1,0.0,0.0
HumidiFi,FFKVJzdScUHyUP9F8TqPzkGGHs8ALKfKFYGRs3WLpNw5,1,0.0,0.0
HumidiFi,FGUYpnmrGqLjsJR7M5uTPXK9y6XNbPM3Y9jv7wVu4n2s,1,0.0,0.0
HumidiFi,FGkCNGv6Bv2AkT5B3mff3iXYVpN5N2JVuRshS5Dj63Ez,1,0.0,0.0
HumidiFi,FKefpVRbX49652SjGJFEx6P9onvG1HftFsUT5bUMc35J,1,0.0,0.0
HumidiFi,FQ5j7xjEw1Hugv1LNWiovLWxidaiAbeorz8QvMuDUfsA,1,0.0,0.0
HumidiFi,FS2ji9K6DRc2NBJfzzb3mKuka28KdE6vxUm8vGkDhPA2,1,0.0,0.0
HumidiFi,FSNuyPX52A796sYCapcBf8fCSAmQmRnozdBADe5dYnjN,1,0.0,0.0
HumidiFi,FU1sUzinXhbu6p1PCvmxfW8T7ARpJjvvuB49fFfP9ud4,1,0.0,0.0
HumidiFi,FYzoMXtetE4Gmby9QSAC6mGuU68RY9ZKrphepWNwfJBD,1,0.0,0.0
HumidiFi,FbgR9632h4rvPciZzCHRGNrEaQM9bC2cGgAikJ8HUfS1,1,0.72,0.648
HumidiFi,FfeNwbMakSDWYS6CWdhPoeZXaaJ5A3SpMJV8uqRRU2CT,1,0.0,0.0
HumidiFi,Fgej4SPuW282TdrQRfizRHAeRasNqCtAWZizL3jDqMdS,1,0.0,0.0
HumidiFi,FoKKoAjHoaaNEDRb3wFzGUmMF5FcsyRLABFEgWmoea3D,1,0.0,0.0
HumidiFi,FqnMqpLdpZD25oCnKDMTkf9qSAp7Ebt9pGffbBK7TEbu,1,0.0,0.0
HumidiFi,Fqxma2FkbKmc1vaCycqhGCyUpjPA2tZJgGVtSVj1GE5M,1,0.0,0.0
HumidiFi,Fv4FNuQko8XbMHu846rFbLExxU6869AQriXoygFoio7T,1,0.0,0.0
HumidiFi,FwgMNpLGvzypHcQCAntovcRmdT6nBgcAjf3GUPEjv3rH,1,0.0,0.0
HumidiFi,Fx92zc3tK1sP4ZLqy2QcasvijoFn1Sqq42KJGXDRnetb,1,0.0,0.0
HumidiFi,FzZ77TM8Ekcb6gyWPmcT9upWkAZKZc5xrYfuFu7pifPn,1,0.0,0.0
HumidiFi,G4y967JYReFf8ze86NywypBfVEx8XxhAyWuC8J3Jb49,1,0.0,0.0
HumidiFi,G5HwqJo7yCKc1FDUFYKKS4X6fDohrXbvgq2tzX8do1Kz,1,0.13,0.117
HumidiFi,G5KzkWJbabU2wtaBSR5E8amDBRWdeFgA8Rrt21p9aRjV,1,0.0,0.0
HumidiFi,G7jyhBpwaKimqRZQkcBsr1bRsbhWv74Q9iR4yBJ3SqS4,1,0.0,0.0
HumidiFi,GAaWh5URRgSAWjchWeQTYincTFxJMLVU9VG2x6u69tKi,1,0.0,0.0
HumidiFi,GAwZDXBpDh65k8ahV2vfP52skB6iUh44GUkT6NGTEbEd,1,0.0,0.0
HumidiFi,GBU3X8mgT7dVQ1XxEQxdUMuEJDzTL88bCZgDB8qQvq34,1,0.24,0.216
HumidiFi,GD7KmX4x7XpcU67bAPWByppzfF8phPCLiSBQXt5Jdna3,1,0.0,0.0
HumidiFi,GDAtwgeoSik1aAnqPSehe8mgL4fZRhQmYfyxGw5tZ7tX,1,0.0,0.0
HumidiFi,GGQxwkH4oXgKrDCdBntWpK4tVp2ue2Qp6z4egN5bZshV,1,0.0,0.0
HumidiFi,GJdQHEQxpg4zxum81aE7RuUTzNw1R1YGBfQ37H9jc1di,1,0.0,0.0
HumidiFi,GJvewfRjqTUPtx6WsBSUnaFbdgXwgXnWfpDyLm65T4YA,1,0.08,0.072
HumidiFi,GNrYhFQ33BcYBQoRnbM3wDdCYLe3vrQqWJ8gF112qR8g,1,0.0,0.0
HumidiFi,GQEZDiygN1Ric4po2zCSs42kfr6SeBL6Pz1G4DENVWyA,1,0.0,0.0
HumidiFi,GTR1mWsjtaqb6ukHFizKt46nJUCV4qbkGze5NEMrSTiT,1,0.04,0.036
HumidiFi,GVEzzj9ffwFtQSvuzrKcduPhBuHkWiEytMye94HjfjBq,1,0.01,0.009
HumidiFi,GVYEvQGTjRkJh24xuSAud1jCLLGNQMFB8Rzb5hJMcyhd,1,0.07,0.063
HumidiFi,GZktZTbGdpa31oq5VLLAc1nQLZS3gMpfW1G3qATD9bqu,1,0.0,0.0
HumidiFi,GaREbVUUerezuVqeNNfSj4kmjG75z6nMVo5znvcLXQ8H,1,0.0,0.0
HumidiFi,Gd732czEWyE3wckz1yLnWa9Wwa2Cc8bAc9YWSBYoVMk7,1,0.0,0.0
HumidiFi,GfTVQU5ipi5SxmMQDNztvrvdxRKuWuQYAJhPu1gPnUdt,1,0.004,0.003
HumidiFi,GfcfkUU4fnKHzu3pBUL72DSXQo4A3ZzKNyETieJy8CH,1,0.004,0.003
HumidiFi,GnWFhrfgciKVoqgAqarwWEQ79NuD2LnRd9EEYaB1kUoc,1,0.01,0.009
HumidiFi,GpQgxYhrJA6iKTt6EgjDNBHCRaBNtrymJZLKse2ucXKA,1,0.0,0.0
HumidiFi,GqE3nYy4UqBSWxKorGsM7NCG6zstZ1SCyvDHEaxpFPz9,1,0.0,0.0
HumidiFi,GqEmbSnYBMCeQ4wYtovjMNDB4GRPLyiN5o7WX9ZmmALM,1,0.0,0.0
HumidiFi,GraZ9wjJVEGMQsyz3BwkkRdkJFmDrZw6Bnj3yzciwFEC,1,0.27,0.243
HumidiFi,GxN6SFd8rtu6GEy6zq5xfzKJgY9UJhHbcbXQRoTWNSxP,1,0.0,0.0
HumidiFi,Gy2PLMvLCyDaaViHnLC1PrXkS5hcuGcsr66UNm7tSHm2,1,0.0,0.0
HumidiFi,GzMx2sTfdVNQqkZqs4L5N241JPZZ8p1TcYyryjDRRixN,1,0.004,0.003
HumidiFi,H17btiMiGR1rBNMRm7xecNPiWhpEf1K3FVQa9Hva5cz4,1,0.0,0.0
HumidiFi,H4GfdiqGF96h3BJDFB9TMFJ6TgskM1cqAvJccVwkuHD7,1,0.0,0.0
HumidiFi,H6AWUh6G1nMgCCMCUj37e9oLJnJQrBsFKvmX22kCN9dY,1,0.0,0.0
HumidiFi,H7DkxYE6xC79N2uFqFVutrUwdYUCY4TWGg5DvwMvpodN,1,0.004,0.003
HumidiFi,HGe3Zxa86yeMAfUgDDtaE8aup9B2nJ5g6Z1wp9hz4F52,1,0.0,0.0
HumidiFi,HKCmZTBsjhCQ15WbvTu5kFGUJBCuP7hXwU9ifVmMH2R4,1,0.0,0.0
HumidiFi,HM9HbQhyUrsVTMW7jLVAwJRbrNKMgBF3CX8oTYmjZQqo,1,0.0,0.0
HumidiFi,HMSrWAQgxtWMVizDXhWL6Nmu6F5K7cGthE6S7kbTPk2j,1,0.0,0.0
HumidiFi,HNyyN36zEtGy7rTdfQENXsekqe9XHyMjoU456xfEsRQR,1,0.0,0.0
HumidiFi,HQbxGn3JsT7n6bicnhtucaGqeGjs7DWfrxVxdT1KmmuQ,1,0.01,0.009
HumidiFi,HRF7XfummrX92tUtn6DwTqyPvgN4xuXoyfh6aUZpjLXa,1,0.0,0.0
HumidiFi,HRTbC9qT827rMyBGGLdZGpTGeYoHGMnVEXngF2bysvrP,1,0.0,0.0
HumidiFi,HTigci8es7kHFCPGYpUzW1eFKvfvRUPVCWLqhUagjR7S,1,0.0,0.0
HumidiFi,HUT6dVYLk7iSUnXPfZo5s26WyJcEmwjvHHEVbdjhGeXX,1,0.0,0.0
HumidiFi,HYTkuYD7Y9wKkF4y3kqfqBBq34rKAUqiByY8Sg8YckqL,1,0.0,0.0
HumidiFi,HZobuSJ6GCvVHJhJPUhYRJCiRYxrBQ7ayHvkoZGLUt1m,1,0.0,0.0
HumidiFi,HbgshuEck9THXVDNhXLi78dzEMBDGvGwKQBCaRWPGnzU,1,0.0,0.0
HumidiFi,HfVtDr347gF8LZCRVznef5hbd9jHpaHp9gJqbxakLtFw,1,0.0,0.0
HumidiFi,HkAop6zTAB933j7nhhUSGwLL5eKZyQizcZsgiL1MjMq1,1,0.02,0.018
HumidiFi,HkUMmD6drgcY3WfTaLAkfmdGAreCUgeGuy6CyWZf8H7C,1,0.0,0.0
HumidiFi,HkY8UaajuRDLJVDUA292FZGRBZKxf9CzYrUZLH2WrY1Q,1,0.05,0.045
HumidiFi,HotmpbdBgxTZeN1LXaaqH9CmUes43GZKiEAUUQCkSSi2,1,0.0,0.0
HumidiFi,HqAuEUhFY3bVxavzR5JuKabrJgeGkJsvArMJy8QDh99t,1,0.0,0.0
HumidiFi,Hqy2GPQ8dorTmph1YbXKHgK5RsNvGVVx14PVieFR1LeE,1,0.0,0.0
HumidiFi,Hr1oNgqznfMSx3KDdnsSJWU6LemHZqMZ1r4i81hyLYDN,1,0.24,0.216
HumidiFi,HvYHXNrXUoygmAfZv5CSTzjPcxrvxgrN8uF1oDisxiyj,1,0.0,0.0
HumidiFi,HvjVa2tfDwK2Z379ZN2wyw3d24e12YRuWbWFHkKyd3dn,1,0.0,0.0
HumidiFi,HxjwdF326ZunmUwC1iXhfgL3ku78YsksN6n7Rfxzwr6b,1,0.01,0.009
HumidiFi,HydraXoSz7oE3774DoWQQaofKb31Kbn2cbcqG4ShKy85,1,0.11,0.099
HumidiFi,HzneJKks8zkevC33qm7xM61kATusUyS2fRk9zGJRjFpH,1,0.0,0.0
HumidiFi,J1CMrMaFHJmG97R7xJYrJxRA3MNt7VyHe8CAEUnsQzre,1,1.23,1.107
HumidiFi,J24K9dwTLGssdbmG2CUDQaeyTt9rABFqg7gme6UwbSWv,1,0.0,0.0
HumidiFi,J36EyGfWqi1YQSGgr7rDovEX8VMPJY1dqEVMkoVE5Am,1,0.0,0.0
HumidiFi,J5PScrg9cw8LYxnqTMVFsmBNmYc2ucuuz574XHid2JSG,1,0.0,0.0
HumidiFi,J5rJN9XUjc25gFory7U8ynqhsD8DVpURXsC5phmbemwi,1,0.0,0.0
HumidiFi,J5xfbc7LFLdBDQ8w1JD7eo1ja2qtpXPpaob9zwHcYXuV,1,0.0,0.0
HumidiFi,J7UmbTjznbZQrU2X2K8oeTApXu3GDEMYT1zZAYGL4cTe,1,0.0,0.0
HumidiFi,J8ZJb837wcsU9CPa6Pk7JdMcJZ6a8doz8btKbfd2M1w5,1,0.0,0.0
HumidiFi,J8hVkBNKobntWqLspa3yhXEkvb8vZ9S9NiHgirN9yvV3,1,1.24,1.116
HumidiFi,JD25qVdtd65FoiXNmR89JjmoJdYk9sjYQeSTZAALFiMy,1,0.0,0.0
HumidiFi,JD38n7ynKYcgPpF7k1BhXEeREu1KqptU93fVGy3S624k,1,0.03,0.027
HumidiFi,KKKzQmS38mSxHu7AaasGghGgVqoEt2DS8M5AcBMVK3j,1,0.01,0.009
HumidiFi,NcLasxSu3sq921FhBniNniiQVzjSVcQk56nB26WTqG7,1,0.06,0.054
HumidiFi,PHukDEJ6b8o9CKf6s4t4GNSFXexCbNKniKumvVkkvUV,1,0.0,0.0
HumidiFi,PZnEAXQs8JHjLuGPywZYAzSUqgfs5LjLmV6uh6eByWY,1,0.19,0.171
HumidiFi,RpUzmwtbFm9K3xskNhDtU34ebyHkN67gQKrmGu1KLEM,1,0.0,0.0
HumidiFi,SHARKRdGLNYRZrhotqvZi3XAtT62CRGCFxmg5LJgSHC,1,0.04,0.036
HumidiFi,TAPNDP5dFr9Vp47DFuddRxNVYmjUqgh8boiUrWFgMqi,1,0.86,0.774
HumidiFi,V9MELpz59x9WfUG79KCWeMGL1YV2dAVpmKYAWmNUL3R,1,0.23,0.207
HumidiFi,W2RGoaQDHmAD88ftQzKvvnVTum65og9scD3yV2QSNgR,1,0.0,0.0
HumidiFi,WEVUSW7GhkMqgmryKxAj5SiQLW2yB7zHC8TMDeEjqZp,1,0.0,0.0
HumidiFi,XAuWaUD1qBkuWeWB8vFeiWa5MkiVb4ayUSSy1FJRdoP,1,0.0,0.0
HumidiFi,XndwnW9XivrgwhuccqVY73FBfCtMfN5F8XB61bFJk5s,1,0.06,0.054
HumidiFi,YubFizptp3MXUAtZmqkRS9DyCkMeZaVwiaRCGBTxayo,1,0.01,0.009
HumidiFi,YubQzu18FDqJRyNfG8JqHmsdbxhnoQqcKUHBdUkN6tP,1,15.24,13.716
HumidiFi,YubVwWeg1vHFr17Q7HQQETcke7sFvMabqU8wbv8NXQW,1,5.4,4.86
HumidiFi,YubozzSnKomEnH3pkmYsdatUUwUTcm7s4mHJVmefEWj,1,3.24,2.916
HumidiFi,a23gHknrH37ZsaoYWUYf44d6rYbsVH1Ny3YubpNQTpx,1,0.01,0.009
HumidiFi,avg1twbiWyaGiaw8o7gF9uYho5CvBRSwt6xJZuEZuME,1,0.03,0.027
HumidiFi,avqJiqdwHCWGMaDpEUnwZ8iFutj5rzP4sPez9yYyGZL,1,0.004,0.003
HumidiFi,b23Ke4utbwr1WcY8onbybJbNQghkNs7RrEC9f69VbJW,1,0.1,0.09
HumidiFi,bY7qoMpviXRuLB5Xme41xgsdrsHek4bTphkiLKCLD6s,1,0.0,0.0
HumidiFi,datouWbnKthiYdWN3K2kypTs5YoykXSekSQVmDPoeo6,1,0.71,0.639
HumidiFi,enzog436vHy38bMhNR9XDENrvhxPK7y8wBQri852rhG,1,2.9,2.61
HumidiFi,foxMFk9faHggM4HWQWETCPSDvMbWx8LSv4c9CrkmBx6,1,2.12,1.908
HumidiFi,gasTzr94Pmp4Gf8vknQnqxeYxdgwFjbgdJa4msYRpnB,1,0.06,0.054
HumidiFi,ggEzRKFZz4V7wU6mizcUrMqHNB5ptQsLT7sxRkyoe4e,1,0.14,0.126
HumidiFi,gtagyESa99t49VmUqnnfsuowYnigSNKuYXdXWyXWNdd,1,0.01,0.009
HumidiFi,hEurHoATGpEDzUgxpyAF6moJn1EMgrHCn7UXikXHW9r,1,0.0,0.0
HumidiFi,han5oo9sy98473nuWU7PwkdgpJVFvQEQ14S5CCdbeYQ,1,2.56,2.304
HumidiFi,j1oeQoPeuEDmjvyMwBmCWexzCQup77kbKKxV59CnYbd,1,0.09,0.081
HumidiFi,jMjhRzuVvkeKxDQDoLJJgcgc3brmBRPzizgJxZANAUU,1,0.2,0.18
HumidiFi,jaBh4W2CMb7W4iWxJq1XCsN1vnswVDwYzwohRJB5JFg,1,0.0,0.0
HumidiFi,k1bWgJv1fdVMCqgDM2jkEfhEzKW7XgGpj8vGGKjgSnJ,1,0.37,0.333
HumidiFi,k2btrGEvdgv7UmgVbD7Phci9EGWCo9QPU6T7yga9xs9,1,0.07,0.063
HumidiFi,k3bS5WfZ5P2NTgkVSwdbVrveYc25iXiEHYfZfVruBGq,1,1.18,1.062
HumidiFi,kyCmRHE3UA8sYZr3uVHxA5j125VgtS9WStqx4M58E8y,1,0.0,0.0
HumidiFi,mo6XHzgAVLFiBS9EiU62E4wHK8ETUczzUv282CUVJhm,1,0.0,0.0
HumidiFi,moat5sFf2DwfL53x8WP8vZCMf5jP6W9k37G9Ex32nXH,1,0.01,0.009
HumidiFi,o721S2ZPSjJTEC9B5HgXdqZFPVq1avjKzRfZpTKjV9g,1,0.28,0.252
HumidiFi,oj2pnzVPcUNU2ivFHAXqAd4BbxUZTsSKPprqVpxyCuW,1,0.0,0.0
HumidiFi,qyGG94RchjPaP6LFdxD12PrLi7SF5UPadMXbKmUAtVV,1,0.0,0.0
HumidiFi,rvj7Dc3xGh1eVFw9UTRpkxks9cdYyJd4MQk4Bk9zA9b,1,0.08,0.072
HumidiFi,shpB74qW5ir7y5fvZTbLkTBPFpvDgqmYEtyXszXsAvp,1,0.0,0.0
HumidiFi,theo9SfM3dKgKFbq4kFVmEXwSQ1pdr61wDqEWXKJpYs,1,1.34,1.206
HumidiFi,uyomzZeKYcfYFxm7Qy2SFmLonrLVPMjPH6PMj1gNDnQ,1,0.0,0.0
HumidiFi,vDxjmcP3SYqE6qYUUA4iuEep2y42PXYzh9mj2yCHCqC,1,0.0,0.0
HumidiFi,xUwUxxg5eLEVfowp1ki2we8JWJjukkriVLY39c55nqa,1,0.1,0.09
HumidiFi,y23RmrqysEDtAL2MaN81vSoTQu7kCGLE2sCz9XaZBup,1,0.25,0.225
HumidiFi,yUwUyoufLrCmjcgURefVzvAfpcaZ2so6be4uDziT9aH,1,0.11,0.099
HumidiFi,zVmmJLuhCpPaWn6o92SpWGtWFjYKcG3Htacq5CNRbuH,1,0.0,0.0
ObricV2,5Y8qP9AavHyG69gTMbJP6v3Cj85VnDimdE1GZtfdV1WL,1,0.04,0.036
ObricV2,7LFYBv2FQDY6aw5hL5SBCW2PiHG8TmENxBnfUnCksRbs,1,0.0,0.0
ObricV2,99WHBf1vR8XQtMsMKFU3JMh6ZihZSVSGDjVtyABbAM9J,1,0.0,0.0
ObricV2,9XUWb3unwaGczFkEJAZiQd2xaZmm6NK68G775JEn2kaZ,1,0.0,0.0
ObricV2,A3vFkGBrj4MRugemEXWdSFztWgBXi9eQPtD3V28Va7WH,1,0.05,0.045
ObricV2,ATQs6A92eUzdxTBsQhRJxxJDpgYDTGvLnU4e5mMEfY3k,1,0.03,0.027
ObricV2,AgmLJBMDCqWynYnQiPCuj9ewsNNsBJXyzoUhD9LJzN51,1,0.0,0.0
ObricV2,FbgR9632h4rvPciZzCHRGNrEaQM9bC2cGgAikJ8HUfS1,1,0.0,0.0
ObricV2,GBU3X8mgT7dVQ1XxEQxdUMuEJDzTL88bCZgDB8qQvq34,1,0.0,0.0
ObricV2,J8hVkBNKobntWqLspa3yhXEkvb8vZ9S9NiHgirN9yvV3,1,0.0,0.0
ObricV2,TAPNDP5dFr9Vp47DFuddRxNVYmjUqgh8boiUrWFgMqi,1,0.0,0.0
ObricV2,YubQzu18FDqJRyNfG8JqHmsdbxhnoQqcKUHBdUkN6tP,1,0.0,0.0
ObricV2,o721S2ZPSjJTEC9B5HgXdqZFPVq1avjKzRfZpTKjV9g,1,0.0,0.0
SolFi,2n78p72RVYbyAiPtzZCNBYjMsEXKRiqfd5zArK8r2tgG,1,0.0,0.0
SolFi,888SGnyhGzqQuuWDVL48tn7xJsAEV259mK9V4YEcUn6f,1,0.0,0.0
SolFi,8oKVwqA5S2B7g2Li6yqZ4KKghpER8G1vj3bbeg8dFkSw,1,0.0,0.0
SolFi,AE861PyrYJXm2TuxiMc8Ecwo4YYgAHfcYum3GWpSRFe3,1,0.0,0.0
SolFi,CatyeC3LgBxub7HcpW2n7cZZZ66CUKdcZ8DzHucHrSiP,1,0.0,0.0
SolFi,GraZ9wjJVEGMQsyz3BwkkRdkJFmDrZw6Bnj3yzciwFEC,1,0.0,0.0
SolFiV2,1989zAmZBwkwR6g8S3H8gkDhHRm3P11gpurN7faJqDu,1,0.04,0.036
SolFiV2,1aTFUD4BJL3CXAK5NSgDJVR99nVpQrK1BqD5SGSix23,1,0.04,0.036
SolFiV2,2AA2qSabLeeC4RvLRsC9oywV8w8XdWUGAzKL5DqPqMuX,1,0.004,0.003
SolFiV2,2EZWAWuv9e4pgcxPZRMmEffDH8q45S573gu5pDRp72HT,1,0.02,0.018
SolFiV2,2EZdYSXrs8yjwTiMntXYvEL4cTLHYdagyNJAnvMKiEJV,1,0.0,0.0
SolFiV2,2F84N2vvtZi6z798gJTSgT5c7fBALnZzLZ9oZVcHUibU,1,0.0,0.0
SolFiV2,2QfBNK2WDwSLoUQRb1zAnp3KM12N9hQ8q6ApwUMnWW2T,1,0.01,0.009
SolFiV2,2b4NhGTayvycDf7VvZGd6xpSjs3f7iiRZQSyjs71yJ23,1,0.02,0.018
SolFiV2,2c92HF2CAMfJrsXSmRB1HgpAvbSYuKoQqsXwUBJryQCR,1,0.0,0.0
SolFiV2,2dRR9CaNrEsHm3UqZacEf8AoDuDx4NGQyMhGxG71NzkN,1,0.02,0.018
SolFiV2,2n78p72RVYbyAiPtzZCNBYjMsEXKRiqfd5zArK8r2tgG,1,0.02,0.018
SolFiV2,2npqrs8E9iWPGjRhWp7BsD9nG62xnBm9Av4rWgqF3ZPK,1,0.02,0.018
SolFiV2,2snHHreXbpJ7UwZxPe37gnUNf7Wx7wv6UKDSR2JckKuS,1,0.02,0.018
SolFiV2,2svZLkuBny8diCa9kApRsHEgtPPtDo7aKasLUyPqUrDd,1,0.01,0.009
SolFiV2,3333JG5dZ1nRDyKwCmrC3HwoevuaFP5L7p3AAjfagggg,1,0.0,0.0
SolFiV2,3NC8bmzCeEK2NBw1G5W6EmR66DNRW3gR22CGMt9EmxrU,1,0.07,0.063
SolFiV2,3ccqanQ7s9T7usEaPh6DcESrjW3MphhwEtDHKNmSxR23,1,0.03,0.027
SolFiV2,3hPFdVwVjRK33VySYhxJ8zHHaXiaD7iDe6BYTaCmzzyR,1,0.01,0.009
SolFiV2,3xb1APhYyenJhoq6Kpjetps9rsmS8kJAGhXVBHaDyWmL,1,0.05,0.045
SolFiV2,4bEkAnJJSXue5REguwVF4TmdWxJ1aLqECMAZ3VPErPh7,1,0.004,0.003
SolFiV2,4dC1XCS2R2rqm1TXgq2K2QX4T5eCSYTW5QSu4TJAYh23,1,0.02,0.018
SolFiV2,4i3kFLZuutG5fvjg5wvq15n4NPpj12wXCRMyP7TcZbNj,1,0.36,0.324
SolFiV2,4n1R9MTuL8QDJqHMSpao4s6dfyWE3pA9yKxDzAPt3S1t,1,0.0,0.0
SolFiV2,4swoALYuvetDK6N3ak1Knc1bMLbm7nzkxCW1nqjPWGRV,1,0.09,0.081
SolFiV2,5NmFV1yZMb3SiAGCFjaWZh7Ss4y7FNXCqURdzzDKH9bp,1,0.0,0.0
SolFiV2,5cU5rbxAcpaGoPyms9jKoXQX5EiZzD3DNmwzbC3qE8Sd,1,0.01,0.009
SolFiV2,5d8tDay1ZDV4XVUBtTvFvQiLxDe8dz2ZCdsrkmTDcbm5,1,0.0,0.0
SolFiV2,5ePvEZx19BZxVvF3nu6gQacoBA9mEFV82eGnRNrnhK23,1,0.02,0.018
SolFiV2,5tkPL9BaSmj3W4YLDCocL41RPeLsw7CAEkWW7ivqF5v1,1,0.0,0.0
SolFiV2,5wMHFyCgRrggsKWrvS2zHDHi7V6xfwfSAsZG95LwXYUQ,1,0.0,0.0
SolFiV2,5y5jCvdD6uTPjWbQtLj8ABQ56jCor2SxURidAqGSyviw,1,0.01,0.009
SolFiV2,61yfAVS257Jgx7oMhUG5uZVZMbcnfuZM3JG3BYgdyfT4,1,0.0,0.0
SolFiV2,6FPgDPwgAY4WskguMZ5t4R8ujCtrCJghRELwBXxyLYCC,1,0.0,0.0
SolFiV2,6TKv3J4ydHU2DWAgbC4BeNjFVrWFv67jaTgKwNoVe9At,1,0.0,0.0
SolFiV2,6d51A3mAaRHMZx2Zyf29SKmudjxHnyQmFc7LwpjoZMSc,1,0.01,0.009
SolFiV2,6gRnEaxAPr1hjtwCzrmSAztA4xbHCVNWJSRXh74sXFKJ,1,0.4,0.36
SolFiV2,6nTMtwShZeWEuVmi9Q6aPhATvqgaZ6ptATRXENjnUufZ,1,0.01,0.009
SolFiV2,6qdGJMxurSM3ydmvaCRpBsFQTZvi4EJyfsndz1kDFnET,1,0.0,0.0
SolFiV2,71wKmu7jUhSgbo1HGiuA3ShfgAHAJfqZxjMW7HJexyVR,1,0.01,0.009
SolFiV2,7JJ4RrYC4wBb2ZangbVW4XbQenhEbkdoo7vhoWoShYjp,1,0.39,0.351
SolFiV2,7JQeyNK55fkUPUmEotupBFpiBGpgEQYLe8Ht1VdSfxcP,1,0.0,0.0
SolFiV2,7QEGRUVApTMF12uRVNTNLKQNJPpXQxfHwi4C3aVdbpP2,1,0.004,0.003
SolFiV2,7ahgyha3yVZ7CYqEPHKQ1AipY2sUiMBVEfoSwRQhSdQE,1,0.0,0.0
SolFiV2,7dGrdJRYtsNR8UYxZ3TnifXGjGc9eRYLq9sELwYpuuUu,1,0.0,0.0
SolFiV2,7gEQ6syDZmyPE4JdfJm4qatawnDqvqdh6i8jJjCXio6h,1,0.0,0.0
SolFiV2,7tave1SeCEwNm2PrCjWN2ahHQVDjwia3GDwyF81pmWNK,1,0.0,0.0
SolFiV2,87RTJp72KEMBQumH39rCw1VPb5JvfBRjPWD8wrrfRSkt,1,0.0,0.0
SolFiV2,88S3zQ4RhahQJSMrusV3sxhZXJewo4oQ3ErNTXaN9VgR,1,0.01,0.009
SolFiV2,8LCN5qTN6rzzuxhEYe4BVPVtktzkzptCSMY6PKdoG3wP,1,0.0,0.0
SolFiV2,8UkwbYfASkU1gRmdBD7iXcNCB1yqYvGEEy4GGYEGmHAA,1,0.0,0.0
SolFiV2,8gzcxch799t9an1P8DNXxjzL2V6Yche5TY5prjf1jL9H,1,0.03,0.027
SolFiV2,8oKVwqA5S2B7g2Li6yqZ4KKghpER8G1vj3bbeg8dFkSw,1,0.28,0.252
SolFiV2,8psNvWTrdNTiVRNzAgsou9kETXNJm2SXZyaKuJraVRtf,1,0.01,0.009
SolFiV2,8vH4HCQ7zTC4njp8v9KTHB8F3Ha1BBmBe6t9vhuUjSiK,1,0.0,0.0
SolFiV2,8zrxRCK1HjFNGhsvc7NJXfj2ybPxR3p25FhwFmEeyrAe,1,0.0,0.0
SolFiV2,92eSno2a7EqaBrj11tqxwaVTyZcwxhRNKCQsznLzDm25,1,0.09,0.081
SolFiV2,93iMN8t9wm1LzdF6NagndTkibuRRo2ud9E8NkijBQJTy,1,0.0,0.0
SolFiV2,9ALtCwp8AyhEFd4yQEqKAgL9tpkekpsm46bChZcRMibu,1,0.04,0.036
SolFiV2,9TXFVx8N9dPneS3ETRt8KWtUXLRUsz6j6JM3bEXqkR3Z,1,0.01,0.009
SolFiV2,9XLcx4qeRMef4S1uMTsyv5Uv8SAXpo8aE9d97NDxYRvL,1,0.0,0.0
SolFiV2,9XUWb3unwaGczFkEJAZiQd2xaZmm6NK68G775JEn2kaZ,1,0.02,0.018
SolFiV2,9m5oyKCbccxTGphZkdymU5MEpWZfhrm3YVmCJmni9Kfy,1,0.02,0.018
SolFiV2,9osj5ksZcrYVeft5pjN1KUNpuM9xiZpjLPxtiMHG4AT5,1,0.01,0.009
SolFiV2,9qaQvCp1zGyM7g2A9d8HbAKqbEHJG7PcJ4RaPUsxeS6j,1,0.0,0.0
SolFiV2,9yMoj897X921i4DKXC6cCJhyRefceN9EGVweGqhPJkvx,1,0.0,0.0
SolFiV2,A3SBUE2ERJkhRyUGRzoptZJtETqjWPViJimfnefCN8RZ,1,0.01,0.009
SolFiV2,A3vFkGBrj4MRugemEXWdSFztWgBXi9eQPtD3V28Va7WH,1,0.01,0.009
SolFiV2,A8A9GoxfmcjY2QAQ8tYS98SqDBF6hUFDmxAKBsLw29sL,1,0.07,0.063
SolFiV2,AE861PyrYJXm2TuxiMc8Ecwo4YYgAHfcYum3GWpSRFe3,1,0.13,0.117
SolFiV2,AE862TWQFAU6SCu7X5asMEB4ZQwvWZesnc8dVxhkqhL1,1,0.0,0.0
SolFiV2,AEB9dXBoxkrapNd59Kg29JefMMf3M1WLcNA12XjKSf4R,1,0.04,0.036
SolFiV2,AECTMxLqHaSL8QznVZSWp3ozuKjzKfRPTy65ZP2jdvvr,1,0.01,0.009
SolFiV2,AG2UQKHngd3p6pTLJjS5Bk1eRVAEJAvNA89f6VmJrQUk,1,0.04,0.036
SolFiV2,AJ9EgniNZbJ1eK2rLZErgvLNpiNN67pZoVhiLkwEe2DF,1,0.0,0.0
SolFiV2,ARBx92tyV8htTbEWCRH22tgje5vUeCkZm9p4y6TjJCjN,1,0.01,0.009
SolFiV2,ARNWybnQBm5DbhfkhBQpy9hgXmbw89HMtXWjQ16wWVey,1,0.0,0.0
SolFiV2,ARSxvgHKy5Q81gZPmgdxNGi4ZrGdW5CR7bYaNP2uh8wg,1,0.0,0.0
SolFiV2,ATQs6A92eUzdxTBsQhRJxxJDpgYDTGvLnU4e5mMEfY3k,1,0.08,0.072
SolFiV2,AVsBvTv1LPnZn8qkJRzLqRtTU9eHzdp2FueRZWtTNmag,1,0.01,0.009
SolFiV2,AWXvu4HE8E2wfHsoWZypMjcCGHVdqi1rn1QNpPZANNje,1,0.0,0.0
SolFiV2,AgmLJBMDCqWynYnQiPCuj9ewsNNsBJXyzoUhD9LJzN51,1,0.05,0.045
SolFiV2,AiH2ff9tN2VKwUXVXJawEmAxWkBTZoPPcZGwHUmihjY8,1,0.03,0.027
SolFiV2,AjphdwsLAXGfN9iEHbryDxsgXmtojCDqzxKRBiV3F45,1,0.0,0.0
SolFiV2,An1RKaJEH9yV5fxz5TZea5V1Cz4ebcA8JjTeo1sc4zLU,1,0.01,0.009
SolFiV2,BAZnjPSSa9Dpusac2XUHVfKsnQqAVb947rDQTBjXfZQS,1,0.0,0.0
SolFiV2,BCE9ic3dPTAfX1Y7ccLc8ms2UrHV864RGUZjEL9JubJh,1,0.01,0.009
SolFiV2,BP3VBnN9S5aerMRRTqXXBSRWMje3eDbeNEtFVzoMr1rw,1,0.0,0.0
SolFiV2,BX4BV9UbfDvDorvxPcoj38GBn5sU9Yui8n94p8PiH2t2,1,0.0,0.0
SolFiV2,BmbwYxVhrCRo2U1CDqjWSWHAiYDM1uwfi4dHzsY9Yr4B,1,0.1,0.09
SolFiV2,Bzg3VcA7mdk2mAYirbYudEeYphC5KJkNiEAFfnkJ5CUo,1,0.0,0.0
SolFiV2,C2bK8HFrL71aLnpyExVoJmqjDPA9tbLMXcBNAkRQnLfQ,1,0.05,0.045
SolFiV2,C9u2k7T22tbM7C53wMWZHKqVJ85eiBdrvjCu6gLvMAhe,1,0.07,0.063
SolFiV2,CJMukYU19iY48dCoAHEGKYEUxS1WPbybsRxaJNYWTkPb,1,0.0,0.0
SolFiV2,CM8PB1jB4fbUCGRxRRCyVuF9cn3MHA78zsuEeTVg6RqF,1,0.01,0.009
SolFiV2,CUnovtRHzkLDXhRuJm3a9FjhdVdyY1KcySRPdiomiQDD,1,0.0,0.0
SolFiV2,CatyeC3LgBxub7HcpW2n7cZZZ66CUKdcZ8DzHucHrSiP,1,0.08,0.072
SolFiV2,CcUrRBMqrCuMPVfd6sVTBJhyhBA1dE7qDoJkSy95bbcw,1,0.01,0.009
SolFiV2,CoZAJ2qTTJMJzH9rJAp78Fcm5AoxzL1ThCwsZi5QQQpG,1,0.0,0.0
SolFiV2,Cr6vUmtz58dtsyDJX2GKbifgYf7zvwgPt9HyJvwMRLL8,1,0.05,0.045
SolFiV2,CrhGJknir1ico1Sg6GeJLRQtq7TSArRmQ3TGAm5PEETc,1,0.05,0.045
SolFiV2,Cs1Ko5ZwzkRBZUCjkjQSCLEvtt6oCLcZjk7QTstMC8WU,1,0.01,0.009
SolFiV2,CwhHRY1Dys5supiVSru4aSCFaqHbtxb3Xvxm4w6g34DR,1,0.02,0.018
SolFiV2,CzdkKydFfezQVtJoDPjbDfSoZeb7bephTnCNarhyziTL,1,0.0,0.0
SolFiV2,D85dYKcsDjBT57vwLmbiKvSyrmRdm7PuGVDhVVJQYyMT,1,0.0,0.0
SolFiV2,DNeVNvNMdP29KGWqdv3umqFAH9QVg5aw1RLNaKNy1Gow,1,0.0,0.0
SolFiV2,DTUtNL5zGw4uf9yJPf4DGiDQsx5QFb1qU8dUD9JtMhMW,1,0.0,0.0
SolFiV2,DUvvMdjQoZxRcJJmfs1F9VLgyqiW1HC8cfximJmTCA9Y,1,0.0,0.0
SolFiV2,DZkzXJsFoudzRPxHPSJNASJdSbuPR1vym6u2CntM1P6t,1,0.0,0.0
SolFiV2,DiyWA1wqMriiJ4S875UewicLvNyW9EtxWa3CkXXm2gbh,1,0.0,0.0
SolFiV2,DkV8QZdg5GH7Bb5NteLJVYCF2mwBSCFt7AcTnmVvTfeW,1,0.01,0.009
SolFiV2,Dog1YVcGCdTYNpRpwUdod7zAGjztVL1ZeHAVYaYD1h5Q,1,0.0,0.0
SolFiV2,DyMp5zdyfmLx4RZc3jWc9zrc37qBdmwkT9Pe9AphRnss,1,0.0,0.0
SolFiV2,E2MPTDnFPNiCRmbJGKYSYew48NWRGVNfHjoiibFP5VL2,1,2.02,1.818
SolFiV2,E5UBNwkEH98qzVsxa5GsL29WzyxGmj5fYKRt4wRvXyYp,1,0.02,0.018
SolFiV2,EJdrWPg32qHnmc3cwgGRfTrvWpQkDH2vHNGsane6WFGd,1,0.09,0.081
SolFiV2,EQvk37i7dCkXCaCsodruGSJ8H9xJe7jru5T8UianJ4Wa,1,0.0,0.0
SolFiV2,ERNoFwQPGZwy4SnDU3FhFCra7HWWTpymAW3p52FpWme8,1,0.0,0.0
SolFiV2,EXYq2HaS5nTarjzNHVYfcHbAbbLDJTPYkn1Jb5Q6bGz4,1,0.03,0.027
SolFiV2,EZ391q226g7enGWtDbpirhVmHLyP2NgW81AAo5VeZtA3,1,0.0,0.0
SolFiV2,EtqkTUr7aLnaNcuAVW42cEu32JtG5xWABHauQ78LhRbS,1,0.0,0.0
SolFiV2,F2ABsg5J6Jp8wtJVd4bUDAPUigKyf9VzNcRyABUAWXZV,1,0.01,0.009
SolFiV2,F7p3dFrjRTbtRp8FRF6qHLomXbKRBzpvBLjtQcfcgmNe,1,0.04,0.036
SolFiV2,FATEorZGqsxg11TmJVRdX5WZ12bQpdS2Va9L7iHWzcHr,1,0.0,0.0
SolFiV2,FAzY5522HMCBk8hAwwPmDebLJphMETRwiQq2rXC2dtQw,1,0.41,0.369
SolFiV2,FbgR9632h4rvPciZzCHRGNrEaQM9bC2cGgAikJ8HUfS1,1,0.7,0.63
SolFiV2,FfP6zUhqCcJBXdKXmXsmPbGVNERrn9Cedp9B9tc1UYTS,1,0.0,0.0
SolFiV2,FzZ77TM8Ekcb6gyWPmcT9upWkAZKZc5xrYfuFu7pifPn,1,0.0,0.0
SolFiV2,G5HwqJo7yCKc1FDUFYKKS4X6fDohrXbvgq2tzX8do1Kz,1,0.0,0.0
SolFiV2,GAnbEFa9eudeiGoYEsLNhjD1A9JBG2CCyJBGA15qugsQ,1,0.0,0.0
SolFiV2,GBU3X8mgT7dVQ1XxEQxdUMuEJDzTL88bCZgDB8qQvq34,1,0.01,0.009
SolFiV2,GCvHhEUYQwTJ8jyf8Lc4bv8jBXyZU4LMMsZCobwEPzvM,1,0.0,0.0
SolFiV2,GJvewfRjqTUPtx6WsBSUnaFbdgXwgXnWfpDyLm65T4YA,1,0.02,0.018
SolFiV2,GVEzzj9ffwFtQSvuzrKcduPhBuHkWiEytMye94HjfjBq,1,0.0,0.0
SolFiV2,GWj95vE5Ykz6XKoMspBYt5F5K4YoH97nFyc1Wm1ui591,1,0.0,0.0
SolFiV2,GcGjZ9jr9ZVgFmFVRheP2CpWNoKLisbLFQkj5kQcD3XB,1,0.0,0.0
SolFiV2,GraZ9wjJVEGMQsyz3BwkkRdkJFmDrZw6Bnj3yzciwFEC,1,0.51,0.459
SolFiV2,GzMx2sTfdVNQqkZqs4L5N241JPZZ8p1TcYyryjDRRixN,1,0.004,0.003
SolFiV2,H7DkxYE6xC79N2uFqFVutrUwdYUCY4TWGg5DvwMvpodN,1,0.004,0.003
SolFiV2,HAWK3BVnwptKRFYfVoVGhBc2TYxpyG9jmAbkHeW9tyKE,1,0.0,0.0
SolFiV2,HQbxGn3JsT7n6bicnhtucaGqeGjs7DWfrxVxdT1KmmuQ,1,0.0,0.0
SolFiV2,HkY8UaajuRDLJVDUA292FZGRBZKxf9CzYrUZLH2WrY1Q,1,0.0,0.0
SolFiV2,Hr1oNgqznfMSx3KDdnsSJWU6LemHZqMZ1r4i81hyLYDN,1,0.01,0.009
SolFiV2,HxjwdF326ZunmUwC1iXhfgL3ku78YsksN6n7Rfxzwr6b,1,0.0,0.0
SolFiV2,J1CMrMaFHJmG97R7xJYrJxRA3MNt7VyHe8CAEUnsQzre,1,0.2,0.18
SolFiV2,J8hVkBNKobntWqLspa3yhXEkvb8vZ9S9NiHgirN9yvV3,1,0.07,0.063
SolFiV2,JD38n7ynKYcgPpF7k1BhXEeREu1KqptU93fVGy3S624k,1,0.01,0.009
SolFiV2,NcLasxSu3sq921FhBniNniiQVzjSVcQk56nB26WTqG7,1,0.03,0.027
SolFiV2,SHARKRdGLNYRZrhotqvZi3XAtT62CRGCFxmg5LJgSHC,1,0.0,0.0
SolFiV2,TAPNDP5dFr9Vp47DFuddRxNVYmjUqgh8boiUrWFgMqi,1,0.11,0.099
SolFiV2,V9MELpz59x9WfUG79KCWeMGL1YV2dAVpmKYAWmNUL3R,1,0.04,0.036
SolFiV2,XndwnW9XivrgwhuccqVY73FBfCtMfN5F8XB61bFJk5s,1,0.0,0.0
SolFiV2,YubQzu18FDqJRyNfG8JqHmsdbxhnoQqcKUHBdUkN6tP,1,0.19,0.171
SolFiV2,YubVwWeg1vHFr17Q7HQQETcke7sFvMabqU8wbv8NXQW,1,0.1,0.09
SolFiV2,YubozzSnKomEnH3pkmYsdatUUwUTcm7s4mHJVmefEWj,1,0.02,0.018
SolFiV2,a23gHknrH37ZsaoYWUYf44d6rYbsVH1Ny3YubpNQTpx,1,0.0,0.0
SolFiV2,b23Ke4utbwr1WcY8onbybJbNQghkNs7RrEC9f69VbJW,1,0.03,0.027
SolFiV2,datouWbnKthiYdWN3K2kypTs5YoykXSekSQVmDPoeo6,1,0.03,0.027
SolFiV2,e5cYp4PDzqzGAneH6bhbmjcm3oXqM1j49NqN8hiL9Zc,1,0.0,0.0
SolFiV2,enzog436vHy38bMhNR9XDENrvhxPK7y8wBQri852rhG,1,0.04,0.036
SolFiV2,foxMFk9faHggM4HWQWETCPSDvMbWx8LSv4c9CrkmBx6,1,0.01,0.009
SolFiV2,gasTzr94Pmp4Gf8vknQnqxeYxdgwFjbgdJa4msYRpnB,1,0.0,0.0
SolFiV2,ggEzRKFZz4V7wU6mizcUrMqHNB5ptQsLT7sxRkyoe4e,1,0.02,0.018
SolFiV2,han5oo9sy98473nuWU7PwkdgpJVFvQEQ14S5CCdbeYQ,1,0.01,0.009
SolFiV2,j1oeQoPeuEDmjvyMwBmCWexzCQup77kbKKxV59CnYbd,1,0.03,0.027
SolFiV2,jMjhRzuVvkeKxDQDoLJJgcgc3brmBRPzizgJxZANAUU,1,0.0,0.0
SolFiV2,k2btrGEvdgv7UmgVbD7Phci9EGWCo9QPU6T7yga9xs9,1,0.02,0.018
SolFiV2,k3bS5WfZ5P2NTgkVSwdbVrveYc25iXiEHYfZfVruBGq,1,0.03,0.027
SolFiV2,o721S2ZPSjJTEC9B5HgXdqZFPVq1avjKzRfZpTKjV9g,1,0.2,0.18
SolFiV2,rvj7Dc3xGh1eVFw9UTRpkxks9cdYyJd4MQk4Bk9zA9b,1,0.01,0.009
SolFiV2,s9BYgLpyQwCJZtLdwNX4GuTM9pQ9rXYqu15tBmcL5ng,1,0.0,0.0
SolFiV2,theo9SfM3dKgKFbq4kFVmEXwSQ1pdr61wDqEWXKJpYs,1,0.01,0.009
SolFiV2,tmTXi3k7EBz41KBNAeyUbZc48RiumnzeY442rWoxskv,1,0.0,0.0
SolFiV2,w8s1eQqw3nF1yTABRX1XPa2LLBtdWMgYaLzUmsJ3xbc,1,0.0,0.0
SolFiV2,wAhahaK7VjcyrB8RzujUy4HGMQZ4dCjiCaRP4gMxy4i,1,0.0,0.0
SolFiV2,y23RmrqysEDtAL2MaN81vSoTQu7kCGLE2sCz9XaZBup,1,0.02,0.018
SolFiV2,yUwUyoufLrCmjcgURefVzvAfpcaZ2so6be4uDziT9aH,1,0.03,0.027
TesseraV,1989zAmZBwkwR6g8S3H8gkDhHRm3P11gpurN7faJqDu,1,0.35,0.315
TesseraV,1aTFUD4BJL3CXAK5NSgDJVR99nVpQrK1BqD5SGSix23,1,0.01,0.009
TesseraV,2EZWAWuv9e4pgcxPZRMmEffDH8q45S573gu5pDRp72HT,1,0.61,0.549
TesseraV,2EZdYSXrs8yjwTiMntXYvEL4cTLHYdagyNJAnvMKiEJV,1,0.05,0.045
TesseraV,2EZxP9X1Kfuf2sxyBPfi2VsBbr6iJeepuv5tEiAHscAh,1,0.05,0.045
TesseraV,2SvvSFgzM9zEE1Y1vNXorfurtB2eRH3QHpMkpcVTXfrc,1,0.01,0.009
TesseraV,2T152KiAGxYwXpVuHgAhNGvjdxQsxkSs2feD6yNaXcjT,1,0.0,0.0
TesseraV,2b4NhGTayvycDf7VvZGd6xpSjs3f7iiRZQSyjs71yJ23,1,0.01,0.009
TesseraV,2dRR9CaNrEsHm3UqZacEf8AoDuDx4NGQyMhGxG71NzkN,1,0.03,0.027
TesseraV,2m4vG7HTvuTSaGdWpGWNw2JHxiybc9kfVrT6GLsysqfZ,1,0.0,0.0
TesseraV,2npqrs8E9iWPGjRhWp7BsD9nG62xnBm9Av4rWgqF3ZPK,1,0.07,0.063
TesseraV,2svZLkuBny8diCa9kApRsHEgtPPtDo7aKasLUyPqUrDd,1,0.01,0.009
TesseraV,3T6gxwpMjdT7h4N8i6ucynpe8xXiWj8B1aLKNTS1d3dC,1,0.0,0.0
TesseraV,3ccqanQ7s9T7usEaPh6DcESrjW3MphhwEtDHKNmSxR23,1,0.0,0.0
TesseraV,3xb1APhYyenJhoq6Kpjetps9rsmS8kJAGhXVBHaDyWmL,1,0.03,0.027
TesseraV,426P3SJSbiXBfgsWufyZMi56VgbJnHK9pQTPy5mXWNXX,1,0.0,0.0
TesseraV,4LopqkP6JyKC5XTKwaY5zMtmKf5zQLSfbtXHbJ5K8mM2,1,0.0,0.0
TesseraV,4RvgumbsgRftVLTK1cXGsyXnuGVm42juEMSkRA9JHLNb,1,0.0,0.0
TesseraV,4WLQkVHA1rjU6xtWfx2RPxN5ce3U4p4xpX2fVJfBGZ9N,1,0.0,0.0
TesseraV,4bEkAnJJSXue5REguwVF4TmdWxJ1aLqECMAZ3VPErPh7,1,0.0,0.0
TesseraV,4dC1XCS2R2rqm1TXgq2K2QX4T5eCSYTW5QSu4TJAYh23,1,0.0,0.0
TesseraV,4i3kFLZuutG5fvjg5wvq15n4NPpj12wXCRMyP7TcZbNj,1,0.01,0.009
TesseraV,4swoALYuvetDK6N3ak1Knc1bMLbm7nzkxCW1nqjPWGRV,1,0.07,0.063
TesseraV,4vVMzrU8vnQ66htk35XTioMaaM5FC8A85TzrMn2fr19v,1,0.0,0.0
TesseraV,5UH56M4SmCEnqNb5GrZ7XXx9vSLGJ3xihmLmSrFCk4EL,1,0.01,0.009
TesseraV,5Y8qP9AavHyG69gTMbJP6v3Cj85VnDimdE1GZtfdV1WL,1,0.03,0.027
TesseraV,5Zm6GraYjpaNCoAnTpWThxzynVZvPM8DdcVvyK9vecKT,1,0.02,0.018
TesseraV,5cU5rbxAcpaGoPyms9jKoXQX5EiZzD3DNmwzbC3qE8Sd,1,0.01,0.009
TesseraV,5ePvEZx19BZxVvF3nu6gQacoBA9mEFV82eGnRNrnhK23,1,0.01,0.009
TesseraV,5k3BYXpYb6hkmcUnWk4k8u2evJfnP67z88s8hkvbNUBK,1,0.0,0.0
TesseraV,5tkPL9BaSmj3W4YLDCocL41RPeLsw7CAEkWW7ivqF5v1,1,0.05,0.045
TesseraV,65tRFhpjMm7dgX2SQuCrwys7G1awHzrkyLy9KGbkGsb1,1,0.0,0.0
TesseraV,666zhExqDUnApdhG4YAN7Vw4eTQyc6L988mRTqjqh73t,1,0.01,0.009
TesseraV,68HKBoDYFRK9DsXZgGuP7357D6ASrosHfLZYpvBiLbwK,1,0.04,0.036
TesseraV,69vE12GmYwPiWayRfNta3WjYv72QT9VCq5zqhf7nFCH2,1,0.0,0.0
TesseraV,6FPgDPwgAY4WskguMZ5t4R8ujCtrCJghRELwBXxyLYCC,1,0.0,0.0
TesseraV,6Ysrzqex6ow1FK5V3i94DUzMJYr8QdRWrqFH5Yie9c13,1,0.0,0.0
TesseraV,6gRnEaxAPr1hjtwCzrmSAztA4xbHCVNWJSRXh74sXFKJ,1,0.01,0.009
TesseraV,6kkWJaA8owbCh5x8HBaApKohHemsGJ4DT7k5dsPTPDeF,1,0.0,0.0
TesseraV,6w56SRhxWCtryzYAv92AVBdaE4oUzZzjXTEsFQ6eTKVN,1,0.02,0.018
TesseraV,71wKmu7jUhSgbo1HGiuA3ShfgAHAJfqZxjMW7HJexyVR,1,0.02,0.018
TesseraV,7JJ4RrYC4wBb2ZangbVW4XbQenhEbkdoo7vhoWoShYjp,1,0.01,0.009
TesseraV,7L4Z4NMbJGCX4NGkAUsxGznKQtfUBjmikA3i3z42iYWq,1,0.0,0.0
TesseraV,7dGrdJRYtsNR8UYxZ3TnifXGjGc9eRYLq9sELwYpuuUu,1,0.0,0.0
TesseraV,7nTFHZyCkfLbuAUiCvMmeAf71fsVr5p4idUphdAKxviG,1,0.0,0.0
TesseraV,7rqskAg1eYcHXwL4FFdmgNuJ6rg4jCDfE29ugeeTrKez,1,0.0,0.0
TesseraV,888SGnyhGzqQuuWDVL48tn7xJsAEV259mK9V4YEcUn6f,1,0.0,0.0
TesseraV,88S3zQ4RhahQJSMrusV3sxhZXJewo4oQ3ErNTXaN9VgR,1,0.0,0.0
TesseraV,8LWhBsgG8qGFSWiXrKLHz2yMUy7ViBaUZR1bJtxRAR17,1,0.0,0.0
TesseraV,8kP8qMuYtfBbWQ7ysvYaxEvMK3x78LXrXXGS7n5u3LEf,1,0.0,0.0
TesseraV,8oKVwqA5S2B7g2Li6yqZ4KKghpER8G1vj3bbeg8dFkSw,1,0.06,0.054
TesseraV,92eSno2a7EqaBrj11tqxwaVTyZcwxhRNKCQsznLzDm25,1,0.01,0.009
TesseraV,9ALtCwp8AyhEFd4yQEqKAgL9tpkekpsm46bChZcRMibu,1,0.11,0.099
TesseraV,9JP5Rc6qD97KTBTzg4CJAd9wLCRHkDDc1s9xyuHAiMCK,1,0.0,0.0
TesseraV,9TXFVx8N9dPneS3ETRt8KWtUXLRUsz6j6JM3bEXqkR3Z,1,0.03,0.027
TesseraV,9XLcx4qeRMef4S1uMTsyv5Uv8SAXpo8aE9d97NDxYRvL,1,0.0,0.0
TesseraV,9XUWb3unwaGczFkEJAZiQd2xaZmm6NK68G775JEn2kaZ,1,0.04,0.036
TesseraV,9eVpgtTyX3bWWN4oJvCLe54hGgZyhAgizghQNzK8XTiJ,1,0.0,0.0
TesseraV,9m5oyKCbccxTGphZkdymU5MEpWZfhrm3YVmCJmni9Kfy,1,0.0,0.0
TesseraV,9osj5ksZcrYVeft5pjN1KUNpuM9xiZpjLPxtiMHG4AT5,1,0.02,0.018
TesseraV,A8A9GoxfmcjY2QAQ8tYS98SqDBF6hUFDmxAKBsLw29sL,1,0.08,0.072
TesseraV,AAAAhimgGTLkft3X2J8F7U9DAaRhxHGzdedhFtAGeTsR,1,0.02,0.018
TesseraV,AE861PyrYJXm2TuxiMc8Ecwo4YYgAHfcYum3GWpSRFe3,1,0.64,0.576
TesseraV,AE862TWQFAU6SCu7X5asMEB4ZQwvWZesnc8dVxhkqhL1,1,0.0,0.0
TesseraV,AE8635syc7jEWkmRfo97ypBd4TwhuZSyvPTsKF3hAFgb,1,0.01,0.009
TesseraV,AEB9dXBoxkrapNd59Kg29JefMMf3M1WLcNA12XjKSf4R,1,0.12,0.108
TesseraV,AG2UQKHngd3p6pTLJjS5Bk1eRVAEJAvNA89f6VmJrQUk,1,0.23,0.207
TesseraV,ARBx92tyV8htTbEWCRH22tgje5vUeCkZm9p4y6TjJCjN,1,0.0,0.0
TesseraV,ATQs6A92eUzdxTBsQhRJxxJDpgYDTGvLnU4e5mMEfY3k,1,0.01,0.009
TesseraV,AVsBvTv1LPnZn8qkJRzLqRtTU9eHzdp2FueRZWtTNmag,1,0.03,0.027
TesseraV,AXb9CNku4gFkoDjCDjsqBYrYJR7rE5p6KHE8YHHSYdwK,1,0.0,0.0
TesseraV,AgmLJBMDCqWynYnQiPCuj9ewsNNsBJXyzoUhD9LJzN51,1,0.04,0.036
TesseraV,AhqW9MpWBPaKrchtes3DM1SxCvr6CZticqMV4oqjfZvm,1,0.0,0.0
TesseraV,AiH2ff9tN2VKwUXVXJawEmAxWkBTZoPPcZGwHUmihjY8,1,0.1,0.09
TesseraV,An1RKaJEH9yV5fxz5TZea5V1Cz4ebcA8JjTeo1sc4zLU,1,0.0,0.0
TesseraV,AnYREiiPFqVgW2tZzNFEz66RWAwfQBFtquVLDrzXNx9A,1,0.01,0.009
TesseraV,BARxPPAAfwo7UDS5wG9pxsYADjD757emBwb2VwC4KjWY,1,0.0,0.0
TesseraV,BWaQQwcdUVwZzEsiTRrzJ48F6woAB6rkBNzvBqMtC5cG,1,0.0,0.0
TesseraV,BmbwYxVhrCRo2U1CDqjWSWHAiYDM1uwfi4dHzsY9Yr4B,1,0.01,0.009
TesseraV,BtrJwM5rbPR8vKdSVTUiABhqM7JAnFgP8ecFWbfcQSko,1,0.0,0.0
TesseraV,C2bK8HFrL71aLnpyExVoJmqjDPA9tbLMXcBNAkRQnLfQ,1,0.06,0.054
TesseraV,C9u2k7T22tbM7C53wMWZHKqVJ85eiBdrvjCu6gLvMAhe,1,0.02,0.018
TesseraV,CSAZoZZwdoY42hQMVFHK16fkrub4J3cFsSd4wZtQTSLr,1,0.0,0.0
TesseraV,CXftfSZEPehfdmqJMM1vXmf9cXk18Yu6UB5PCx3k3Eof,1,0.0,0.0
TesseraV,CatyeC3LgBxub7HcpW2n7cZZZ66CUKdcZ8DzHucHrSiP,1,0.12,0.108
TesseraV,CcUrRBMqrCuMPVfd6sVTBJhyhBA1dE7qDoJkSy95bbcw,1,0.01,0.009
TesseraV,CodeP7hrXAAThQyogRLwdKLJ5iTjDfM4nBrYN2QQVzd,1,0.02,0.018
TesseraV,Cr6vUmtz58dtsyDJX2GKbifgYf7zvwgPt9HyJvwMRLL8,1,0.04,0.036
TesseraV,CrhGJknir1ico1Sg6GeJLRQtq7TSArRmQ3TGAm5PEETc,1,0.0,0.0
TesseraV,Cs1Ko5ZwzkRBZUCjkjQSCLEvtt6oCLcZjk7QTstMC8WU,1,0.0,0.0
TesseraV,CwhHRY1Dys5supiVSru4aSCFaqHbtxb3Xvxm4w6g34DR,1,0.25,0.225
TesseraV,Cxx8VCmStUdYXwVwu4y5JpgfmbnHfipQby3wbShhGAHt,1,0.0,0.0
TesseraV,DBLivuMxv5hChPstinm4E66dSLuHPSJLnn4mELB1dbJz,1,0.0,0.0
TesseraV,DJocqRPK2uKWvmR5WnWcd7m8fDw6az1L54R4UuH3GrGN,1,0.0,0.0
TesseraV,DNeVNvNMdP29KGWqdv3umqFAH9QVg5aw1RLNaKNy1Gow,1,0.01,0.009
TesseraV,DP9sz3bmNRpotncV7NN9Rumx9nsfwWqUANgbQWrruxnH,1,0.0,0.0
TesseraV,DUvvMdjQoZxRcJJmfs1F9VLgyqiW1HC8cfximJmTCA9Y,1,0.0,0.0
TesseraV,DkV8QZdg5GH7Bb5NteLJVYCF2mwBSCFt7AcTnmVvTfeW,1,0.02,0.018
TesseraV,Dog1YVcGCdTYNpRpwUdod7zAGjztVL1ZeHAVYaYD1h5Q,1,0.01,0.009
TesseraV,E1VWMG7Dwaih3GQ8UahSfzRmwVcDYGMRm8ZxPVvSdZaH,1,0.0,0.0
TesseraV,E2MPTDnFPNiCRmbJGKYSYew48NWRGVNfHjoiibFP5VL2,1,0.17,0.153
TesseraV,E5UBNwkEH98qzVsxa5GsL29WzyxGmj5fYKRt4wRvXyYp,1,0.01,0.009
TesseraV,EJdrWPg32qHnmc3cwgGRfTrvWpQkDH2vHNGsane6WFGd,1,0.3,0.27
TesseraV,EJuBwo7uDguqpZ8rHmroK1BkvVUPtTjyW2eZ3pHdx9nF,1,0.0,0.0
TesseraV,EXYq2HaS5nTarjzNHVYfcHbAbbLDJTPYkn1Jb5Q6bGz4,1,0.01,0.009
TesseraV,EgDKTrjey537XFZAF6LeyB9sMeGoeNucM7SznpnPJfkZ,1,0.0,0.0
TesseraV,EixTxH3fGRV8wQwcJHsvHHUDiFt63j5qwWYrZX9B9SLj,1,0.0,0.0
TesseraV,F7eGhuoAgn2MJuRs5hn8vxadBnoZidaXyNF51j4DDCSH,1,0.0,0.0
TesseraV,F7p3dFrjRTbtRp8FRF6qHLomXbKRBzpvBLjtQcfcgmNe,1,0.03,0.027
TesseraV,FATEorZGqsxg11TmJVRdX5WZ12bQpdS2Va9L7iHWzcHr,1,0.0,0.0
TesseraV,FAzY5522HMCBk8hAwwPmDebLJphMETRwiQq2rXC2dtQw,1,0.04,0.036
TesseraV,FBRw9GRFYHvrAnWsE5jYzLnRjuN3umcPBEmFFWGG1yLz,1,0.0,0.0
TesseraV,FbgR9632h4rvPciZzCHRGNrEaQM9bC2cGgAikJ8HUfS1,1,0.12,0.108
TesseraV,FtQ1G64RXdKHMeWtH9MRAg1okgzRfgupU5eN9sn1Mjtj,1,0.0,0.0
TesseraV,G5HwqJo7yCKc1FDUFYKKS4X6fDohrXbvgq2tzX8do1Kz,1,0.0,0.0
TesseraV,GBU3X8mgT7dVQ1XxEQxdUMuEJDzTL88bCZgDB8qQvq34,1,0.12,0.108
TesseraV,GJvewfRjqTUPtx6WsBSUnaFbdgXwgXnWfpDyLm65T4YA,1,0.22,0.198
TesseraV,GTR1mWsjtaqb6ukHFizKt46nJUCV4qbkGze5NEMrSTiT,1,0.03,0.027
TesseraV,GVEzzj9ffwFtQSvuzrKcduPhBuHkWiEytMye94HjfjBq,1,0.01,0.009
TesseraV,GraZ9wjJVEGMQsyz3BwkkRdkJFmDrZw6Bnj3yzciwFEC,1,0.02,0.018
TesseraV,HRb8GUhRxKtLbk46XUm33baxryUACwMwQ9epAANQwXkG,1,0.0,0.0
TesseraV,HVS81eTrxeX9wrLML2ut5CA42qva9mBk5rk5QCehGTPE,1,0.0,0.0
TesseraV,Hc377zUV3B2kofe6wZ6BGHcK9VMGgPrbkqQHCW9RxKg,1,0.0,0.0
TesseraV,HkAop6zTAB933j7nhhUSGwLL5eKZyQizcZsgiL1MjMq1,1,0.0,0.0
TesseraV,HkY8UaajuRDLJVDUA292FZGRBZKxf9CzYrUZLH2WrY1Q,1,0.02,0.018
TesseraV,HqiVX3B3cneyCPxjbaTcuBLcjMQgrGdz16nXsDBHdZVw,1,0.0,0.0
TesseraV,Hr1oNgqznfMSx3KDdnsSJWU6LemHZqMZ1r4i81hyLYDN,1,0.06,0.054
TesseraV,HydraXoSz7oE3774DoWQQaofKb31Kbn2cbcqG4ShKy85,1,0.08,0.072
TesseraV,J1CMrMaFHJmG97R7xJYrJxRA3MNt7VyHe8CAEUnsQzre,1,0.09,0.081
TesseraV,J7XcpxqAmWCRhJiTosmZLwZarU82FxFp19KyHMhutgpb,1,0.0,0.0
TesseraV,J8hVkBNKobntWqLspa3yhXEkvb8vZ9S9NiHgirN9yvV3,1,0.6,0.54
TesseraV,JD38n7ynKYcgPpF7k1BhXEeREu1KqptU93fVGy3S624k,1,0.02,0.018
TesseraV,NcLasxSu3sq921FhBniNniiQVzjSVcQk56nB26WTqG7,1,0.01,0.009
TesseraV,SHARKRdGLNYRZrhotqvZi3XAtT62CRGCFxmg5LJgSHC,1,0.05,0.045
TesseraV,TAPNDP5dFr9Vp47DFuddRxNVYmjUqgh8boiUrWFgMqi,1,0.09,0.081
TesseraV,V9MELpz59x9WfUG79KCWeMGL1YV2dAVpmKYAWmNUL3R,1,0.03,0.027
TesseraV,XndwnW9XivrgwhuccqVY73FBfCtMfN5F8XB61bFJk5s,1,0.03,0.027
TesseraV,YubQzu18FDqJRyNfG8JqHmsdbxhnoQqcKUHBdUkN6tP,1,0.39,0.351
TesseraV,YubVwWeg1vHFr17Q7HQQETcke7sFvMabqU8wbv8NXQW,1,0.09,0.081
TesseraV,YubozzSnKomEnH3pkmYsdatUUwUTcm7s4mHJVmefEWj,1,0.05,0.045
TesseraV,datouWbnKthiYdWN3K2kypTs5YoykXSekSQVmDPoeo6,1,0.2,0.18
TesseraV,enzog436vHy38bMhNR9XDENrvhxPK7y8wBQri852rhG,1,0.03,0.027
TesseraV,foxMFk9faHggM4HWQWETCPSDvMbWx8LSv4c9CrkmBx6,1,0.01,0.009
TesseraV,gasTzr94Pmp4Gf8vknQnqxeYxdgwFjbgdJa4msYRpnB,1,0.02,0.018
TesseraV,ggEzRKFZz4V7wU6mizcUrMqHNB5ptQsLT7sxRkyoe4e,1,0.01,0.009
TesseraV,han5oo9sy98473nuWU7PwkdgpJVFvQEQ14S5CCdbeYQ,1,0.01,0.009
TesseraV,j1oeQoPeuEDmjvyMwBmCWexzCQup77kbKKxV59CnYbd,1,0.01,0.009
TesseraV,jMjhRzuVvkeKxDQDoLJJgcgc3brmBRPzizgJxZANAUU,1,0.02,0.018
TesseraV,k2btrGEvdgv7UmgVbD7Phci9EGWCo9QPU6T7yga9xs9,1,0.17,0.153
TesseraV,k3bS5WfZ5P2NTgkVSwdbVrveYc25iXiEHYfZfVruBGq,1,1.78,1.602
TesseraV,moat5sFf2DwfL53x8WP8vZCMf5jP6W9k37G9Ex32nXH,1,0.0,0.0
TesseraV,o721S2ZPSjJTEC9B5HgXdqZFPVq1avjKzRfZpTKjV9g,1,0.02,0.018
TesseraV,rvj7Dc3xGh1eVFw9UTRpkxks9cdYyJd4MQk4Bk9zA9b,1,0.03,0.027
TesseraV,theo9SfM3dKgKFbq4kFVmEXwSQ1pdr61wDqEWXKJpYs,1,0.01,0.009
TesseraV,xUwUxxg5eLEVfowp1ki2we8JWJjukkriVLY39c55nqa,1,0.0,0.0
TesseraV,y23RmrqysEDtAL2MaN81vSoTQu7kCGLE2sCz9XaZBup,1,0.01,0.009
TesseraV,yUwUyoufLrCmjcgURefVzvAfpcaZ2so6be4uDziT9aH,1,0.0,0.0
ZeroFi,1989zAmZBwkwR6g8S3H8gkDhHRm3P11gpurN7faJqDu,1,0.17,0.153
ZeroFi,1aTFUD4BJL3CXAK5NSgDJVR99nVpQrK1BqD5SGSix23,1,0.0,0.0
ZeroFi,28pryh85shDtwFWoU2PyWSdaTveKkDSr2AkRxQGEarBW,1,0.0,0.0
ZeroFi,2EZWAWuv9e4pgcxPZRMmEffDH8q45S573gu5pDRp72HT,1,0.01,0.009
ZeroFi,2dRR9CaNrEsHm3UqZacEf8AoDuDx4NGQyMhGxG71NzkN,1,0.0,0.0
ZeroFi,2svZLkuBny8diCa9kApRsHEgtPPtDo7aKasLUyPqUrDd,1,0.0,0.0
ZeroFi,31LFN462sPvJ8R8Sy1gnhiwc2k68QEzHsoBWqgrf3UGs,1,0.01,0.009
ZeroFi,3NC8bmzCeEK2NBw1G5W6EmR66DNRW3gR22CGMt9EmxrU,1,0.0,0.0
ZeroFi,3WXsksPSpiN2AhVw8JHTjJFUL8mxMzjXrehTXP369okB,1,0.0,0.0
ZeroFi,3ccqanQ7s9T7usEaPh6DcESrjW3MphhwEtDHKNmSxR23,1,0.01,0.009
ZeroFi,3xb1APhYyenJhoq6Kpjetps9rsmS8kJAGhXVBHaDyWmL,1,0.01,0.009
ZeroFi,4DnSsr27seLK1u5FPi4aVsbzMRQ8iXrGTqbxHdCaScEQ,1,0.0,0.0
ZeroFi,4i3kFLZuutG5fvjg5wvq15n4NPpj12wXCRMyP7TcZbNj,1,0.1,0.09
ZeroFi,4oRQc7FN3sB9Wq7xL9YXav1G8PktEbEe7C7uKP2Zjr9c,1,0.0,0.0
ZeroFi,4qHEqLrAJ46hnSCNGPMogTYBFfSY3EXtRXz8fwnS8Bkw,1,0.0,0.0
ZeroFi,4swoALYuvetDK6N3ak1Knc1bMLbm7nzkxCW1nqjPWGRV,1,0.01,0.009
ZeroFi,4vQkuTMpSyPvWhBX3d7iL92MWj2WYq4EC9f2oodHeu5D,1,0.0,0.0
ZeroFi,4zbcL8MFTh6PTbQ59urDbFTAurfoBopxEP45oWRuRs1u,1,0.0,0.0
ZeroFi,551nFomriRcEAZ8K9ZYBemusLMTQrZF6uywei2Pe3fKK,1,0.0,0.0
ZeroFi,5cU5rbxAcpaGoPyms9jKoXQX5EiZzD3DNmwzbC3qE8Sd,1,0.0,0.0
ZeroFi,5d8tDay1ZDV4XVUBtTvFvQiLxDe8dz2ZCdsrkmTDcbm5,1,0.0,0.0
ZeroFi,5ePvEZx19BZxVvF3nu6gQacoBA9mEFV82eGnRNrnhK23,1,0.0,0.0
ZeroFi,5tkPL9BaSmj3W4YLDCocL41RPeLsw7CAEkWW7ivqF5v1,1,0.03,0.027
ZeroFi,666zhExqDUnApdhG4YAN7Vw4eTQyc6L988mRTqjqh73t,1,0.0,0.0
ZeroFi,6FPgDPwgAY4WskguMZ5t4R8ujCtrCJghRELwBXxyLYCC,1,0.11,0.099
ZeroFi,6aMA9YxfetpZRjrSkp8HWjw53FjcfJjZuinSruPiuPzG,1,0.0,0.0
ZeroFi,6gRnEaxAPr1hjtwCzrmSAztA4xbHCVNWJSRXh74sXFKJ,1,0.14,0.126
ZeroFi,6qdGJMxurSM3ydmvaCRpBsFQTZvi4EJyfsndz1kDFnET,1,0.0,0.0
ZeroFi,71wKmu7jUhSgbo1HGiuA3ShfgAHAJfqZxjMW7HJexyVR,1,0.01,0.009
ZeroFi,7JJ4RrYC4wBb2ZangbVW4XbQenhEbkdoo7vhoWoShYjp,1,0.13,0.117
ZeroFi,7JQeyNK55fkUPUmEotupBFpiBGpgEQYLe8Ht1VdSfxcP,1,0.0,0.0
ZeroFi,7rtiKSUDLBm59b1SBmD9oajcP8xE64vAGSMbAN5CXy1q,1,0.0,0.0
ZeroFi,88S3zQ4RhahQJSMrusV3sxhZXJewo4oQ3ErNTXaN9VgR,1,0.0,0.0
ZeroFi,8gzcxch799t9an1P8DNXxjzL2V6Yche5TY5prjf1jL9H,1,0.11,0.099
ZeroFi,8oKVwqA5S2B7g2Li6yqZ4KKghpER8G1vj3bbeg8dFkSw,1,0.19,0.171
ZeroFi,8psNvWTrdNTiVRNzAgsou9kETXNJm2SXZyaKuJraVRtf,1,0.0,0.0
ZeroFi,8zrxRCK1HjFNGhsvc7NJXfj2ybPxR3p25FhwFmEeyrAe,1,0.0,0.0
ZeroFi,92eSno2a7EqaBrj11tqxwaVTyZcwxhRNKCQsznLzDm25,1,0.07,0.063
ZeroFi,9ALtCwp8AyhEFd4yQEqKAgL9tpkekpsm46bChZcRMibu,1,0.0,0.0
ZeroFi,9TXFVx8N9dPneS3ETRt8KWtUXLRUsz6j6JM3bEXqkR3Z,1,0.0,0.0
ZeroFi,9UKJbPA5GS3mh3tEmmynGoN7ZCBMzxAKUaqTML6DD7tW,1,0.0,0.0
ZeroFi,9XUWb3unwaGczFkEJAZiQd2xaZmm6NK68G775JEn2kaZ,1,0.0,0.0
ZeroFi,9hVW8qDfSMAJN3Wi4HFgfr38sCfmqxhC2W9XVQvHmxVX,1,0.0,0.0
ZeroFi,9osj5ksZcrYVeft5pjN1KUNpuM9xiZpjLPxtiMHG4AT5,1,0.03,0.027
ZeroFi,A3vFkGBrj4MRugemEXWdSFztWgBXi9eQPtD3V28Va7WH,1,0.01,0.009
ZeroFi,A8A9GoxfmcjY2QAQ8tYS98SqDBF6hUFDmxAKBsLw29sL,1,0.02,0.018
ZeroFi,AE861PyrYJXm2TuxiMc8Ecwo4YYgAHfcYum3GWpSRFe3,1,0.22,0.198
ZeroFi,AEB9dXBoxkrapNd59Kg29JefMMf3M1WLcNA12XjKSf4R,1,0.0,0.0
ZeroFi,AG2UQKHngd3p6pTLJjS5Bk1eRVAEJAvNA89f6VmJrQUk,1,0.0,0.0
ZeroFi,ATQs6A92eUzdxTBsQhRJxxJDpgYDTGvLnU4e5mMEfY3k,1,0.01,0.009
ZeroFi,AVsBvTv1LPnZn8qkJRzLqRtTU9eHzdp2FueRZWtTNmag,1,0.01,0.009
ZeroFi,AgmLJBMDCqWynYnQiPCuj9ewsNNsBJXyzoUhD9LJzN51,1,0.02,0.018
ZeroFi,AkMN5DtMKewuJEXkgjhiPqD4wywDTzX55PJNJQr6AP8P,1,0.0,0.0
ZeroFi,AnYREiiPFqVgW2tZzNFEz66RWAwfQBFtquVLDrzXNx9A,1,0.0,0.0
ZeroFi,Ao3N4C5aSUTxcHfgwzqGi8FPDSqiCyRv2W8ofCCmVMiu,1,0.0,0.0
ZeroFi,BWaQQwcdUVwZzEsiTRrzJ48F6woAB6rkBNzvBqMtC5cG,1,0.01,0.009
ZeroFi,BdHc6ZiMDVjpnkK19UeXjDRTHbhBEhMnhXv25DCvqqSc,1,0.0,0.0
ZeroFi,C2bK8HFrL71aLnpyExVoJmqjDPA9tbLMXcBNAkRQnLfQ,1,0.02,0.018
ZeroFi,C9u2k7T22tbM7C53wMWZHKqVJ85eiBdrvjCu6gLvMAhe,1,0.0,0.0
ZeroFi,CLP4Qs3FqqP4y9vzWrqYUDY8ur6kNQxLwZPJYBMsWqqh,1,0.0,0.0
ZeroFi,CXuXEiYgRyjyFKnYmv41cvR4mEs8tH5NMr7g8Rvx2jse,1,0.0,0.0
ZeroFi,CatyeC3LgBxub7HcpW2n7cZZZ66CUKdcZ8DzHucHrSiP,1,0.05,0.045
ZeroFi,CcUrRBMqrCuMPVfd6sVTBJhyhBA1dE7qDoJkSy95bbcw,1,0.0,0.0
ZeroFi,CodeP7hrXAAThQyogRLwdKLJ5iTjDfM4nBrYN2QQVzd,1,0.02,0.018
ZeroFi,Cr6vUmtz58dtsyDJX2GKbifgYf7zvwgPt9HyJvwMRLL8,1,0.06,0.054
ZeroFi,CrhGJknir1ico1Sg6GeJLRQtq7TSArRmQ3TGAm5PEETc,1,0.06,0.054
ZeroFi,CtkwkMhn8vfoee2pWw93hvjSS99pyzpxftcWTLvq5rbX,1,0.0,0.0
ZeroFi,D2vGXQUB3hdEXGXMpPF7kfGu7qHZ7xRA7NMc6VqzXvZW,1,0.0,0.0
ZeroFi,DNeVNvNMdP29KGWqdv3umqFAH9QVg5aw1RLNaKNy1Gow,1,0.0,0.0
ZeroFi,DUvvMdjQoZxRcJJmfs1F9VLgyqiW1HC8cfximJmTCA9Y,1,0.01,0.009
ZeroFi,DZYk19Jx6vzdKZttNo6u3VsS6M2Q2QvU4ma8tTaPX5Z2,1,0.0,0.0
ZeroFi,DZttJXBFTDcWsUmG7LPyDAPuT9RjXj3CfVqTpMfECuwT,1,0.0,0.0
ZeroFi,Dw6yJuvfq6DZHQo6xVmgx1V5FfzwkkCEHV3nPCQNvwfv,1,0.0,0.0
ZeroFi,E2MPTDnFPNiCRmbJGKYSYew48NWRGVNfHjoiibFP5VL2,1,0.31,0.279
ZeroFi,E5UBNwkEH98qzVsxa5GsL29WzyxGmj5fYKRt4wRvXyYp,1,0.0,0.0
ZeroFi,EJdrWPg32qHnmc3cwgGRfTrvWpQkDH2vHNGsane6WFGd,1,0.02,0.018
ZeroFi,EXYq2HaS5nTarjzNHVYfcHbAbbLDJTPYkn1Jb5Q6bGz4,1,0.0,0.0
ZeroFi,EjXoRzBbNqwPhHL9pcUsLLHPPXyFHBtGe9JNrmB9UZu8,1,0.0,0.0
ZeroFi,F7p3dFrjRTbtRp8FRF6qHLomXbKRBzpvBLjtQcfcgmNe,1,0.0,0.0
ZeroFi,FATEorZGqsxg11TmJVRdX5WZ12bQpdS2Va9L7iHWzcHr,1,0.01,0.009
ZeroFi,FAzY5522HMCBk8hAwwPmDebLJphMETRwiQq2rXC2dtQw,1,0.19,0.171
ZeroFi,FbgR9632h4rvPciZzCHRGNrEaQM9bC2cGgAikJ8HUfS1,1,0.05,0.045
ZeroFi,FoRp9gt82ZjRoHUAfqisJbNPjnSMQhLgXhHVZ4oBkLYJ,1,0.0,0.0
ZeroFi,GBQQfh37ZE8iBYxrPxwUePAuWSicNcfHU6ATLfFxEbj7,1,0.0,0.0
ZeroFi,GCC4W7v6uYYaHKBEB1KWD1DNuvPWmuV1mVQRRe5BUHs9,1,0.0,0.0
ZeroFi,GDAtwgeoSik1aAnqPSehe8mgL4fZRhQmYfyxGw5tZ7tX,1,0.0,0.0
ZeroFi,GJvewfRjqTUPtx6WsBSUnaFbdgXwgXnWfpDyLm65T4YA,1,0.0,0.0
ZeroFi,GmCzHdJeZAhaHvuMejmyYxZcXLfnb3jBtJEhMUEK5SuJ,1,0.0,0.0
ZeroFi,GpaEUma6ukcbrTeZgo8MFFviCf2UaX9WQrDKFcSoPjTk,1,0.0,0.0
ZeroFi,GraZ9wjJVEGMQsyz3BwkkRdkJFmDrZw6Bnj3yzciwFEC,1,0.15,0.135
ZeroFi,H8FXPWxDhp686SYjAyuDyFjDxfjttQWyqjtLHzLEDjzT,1,0.0,0.0
ZeroFi,HNcCQRuKSXL9S2xeP29UaVnqtqEsd2YA5hJfEWq9yo39,1,0.0,0.0
ZeroFi,HRb8GUhRxKtLbk46XUm33baxryUACwMwQ9epAANQwXkG,1,0.008,0.006
ZeroFi,J1CMrMaFHJmG97R7xJYrJxRA3MNt7VyHe8CAEUnsQzre,1,0.12,0.108
ZeroFi,J8hVkBNKobntWqLspa3yhXEkvb8vZ9S9NiHgirN9yvV3,1,0.02,0.018
ZeroFi,NcLasxSu3sq921FhBniNniiQVzjSVcQk56nB26WTqG7,1,0.0,0.0
ZeroFi,TAPNDP5dFr9Vp47DFuddRxNVYmjUqgh8boiUrWFgMqi,1,0.02,0.018
ZeroFi,V9MELpz59x9WfUG79KCWeMGL1YV2dAVpmKYAWmNUL3R,1,0.11,0.099
ZeroFi,YubQzu18FDqJRyNfG8JqHmsdbxhnoQqcKUHBdUkN6tP,1,0.1,0.09
ZeroFi,YubVwWeg1vHFr17Q7HQQETcke7sFvMabqU8wbv8NXQW,1,0.06,0.054
ZeroFi,YubozzSnKomEnH3pkmYsdatUUwUTcm7s4mHJVmefEWj,1,0.01,0.009
ZeroFi,b23Ke4utbwr1WcY8onbybJbNQghkNs7RrEC9f69VbJW,1,0.0,0.0
ZeroFi,datouWbnKthiYdWN3K2kypTs5YoykXSekSQVmDPoeo6,1,0.0,0.0
ZeroFi,foxMFk9faHggM4HWQWETCPSDvMbWx8LSv4c9CrkmBx6,1,0.01,0.009
ZeroFi,gasTzr94Pmp4Gf8vknQnqxeYxdgwFjbgdJa4msYRpnB,1,0.01,0.009
ZeroFi,ggEzRKFZz4V7wU6mizcUrMqHNB5ptQsLT7sxRkyoe4e,1,0.0,0.0
ZeroFi,ghPsoBoUXFztnRG7vVv7Rn7Qcfdps5NxZu75s3tSHHK,1,0.0,0.0
ZeroFi,gtagyESa99t49VmUqnnfsuowYnigSNKuYXdXWyXWNdd,1,0.0,0.0
ZeroFi,han5oo9sy98473nuWU7PwkdgpJVFvQEQ14S5CCdbeYQ,1,0.0,0.0
ZeroFi,j1oeQoPeuEDmjvyMwBmCWexzCQup77kbKKxV59CnYbd,1,0.0,0.0
ZeroFi,jMjhRzuVvkeKxDQDoLJJgcgc3brmBRPzizgJxZANAUU,1,0.0,0.0
ZeroFi,k2btrGEvdgv7UmgVbD7Phci9EGWCo9QPU6T7yga9xs9,1,0.0,0.0
ZeroFi,k3bS5WfZ5P2NTgkVSwdbVrveYc25iXiEHYfZfVruBGq,1,0.08,0.072
ZeroFi,mvVJ178mkikBKRfFCsycfpvUMF94r1wG2PRkaGWEYaY,1,0.0,0.0
ZeroFi,o721S2ZPSjJTEC9B5HgXdqZFPVq1avjKzRfZpTKjV9g,1,0.14,0.126
ZeroFi,yUwUyoufLrCmjcgURefVzvAfpcaZ2so6be4uDziT9aH,1,0.01,0.009
