signer,pool,total_profit,attack_count
1989zAmZBwkwR6g8S3H8gkDhHRm3P11gpurN7faJqDu,HumidiFi,0.8280000000000001,1
1989zAmZBwkwR6g8S3H8gkDhHRm3P11gpurN7faJqDu,TesseraV,0.315,1
1989zAmZBwkwR6g8S3H8gkDhHRm3P11gpurN7faJqDu,ZeroFi,0.153,1
1989zAmZBwkwR6g8S3H8gkDhHRm3P11gpurN7faJqDu,GoonFi,0.135,1
1989zAmZBwkwR6g8S3H8gkDhHRm3P11gpurN7faJqDu,BisonFi,0.117,1
1989zAmZBwkwR6g8S3H8gkDhHRm3P11gpurN7faJqDu,SolFiV2,0.036,1
1aTFUD4BJL3CXAK5NSgDJVR99nVpQrK1BqD5SGSix23,GoonFi,0.054,1
1aTFUD4BJL3CXAK5NSgDJVR99nVpQrK1BqD5SGSix23,HumidiFi,0.054,1
1aTFUD4BJL3CXAK5NSgDJVR99nVpQrK1BqD5SGSix23,BisonFi,0.036,1
1aTFUD4BJL3CXAK5NSgDJVR99nVpQrK1BqD5SGSix23,SolFiV2,0.036,1
1aTFUD4BJL3CXAK5NSgDJVR99nVpQrK1BqD5SGSix23,TesseraV,0.009,1
259WgpDG7Q68f1Ym3YiPpziu9GDYShP73jTKpzBs9PXj,HumidiFi,0.009,1
2EZWAWuv9e4pgcxPZRMmEffDH8q45S573gu5pDRp72HT,TesseraV,0.5489999999999999,1
2EZWAWuv9e4pgcxPZRMmEffDH8q45S573gu5pDRp72HT,HumidiFi,0.333,1
2EZWAWuv9e4pgcxPZRMmEffDH8q45S573gu5pDRp72HT,GoonFi,0.045,1
2EZWAWuv9e4pgcxPZRMmEffDH8q45S573gu5pDRp72HT,BisonFi,0.018,1
2EZWAWuv9e4pgcxPZRMmEffDH8q45S573gu5pDRp72HT,SolFiV2,0.018,1
2EZWAWuv9e4pgcxPZRMmEffDH8q45S573gu5pDRp72HT,ZeroFi,0.009,1
2EZdYSXrs8yjwTiMntXYvEL4cTLHYdagyNJAnvMKiEJV,HumidiFi,0.045,1
2EZdYSXrs8yjwTiMntXYvEL4cTLHYdagyNJAnvMKiEJV,TesseraV,0.045,1
2EZxP9X1Kfuf2sxyBPfi2VsBbr6iJeepuv5tEiAHscAh,TesseraV,0.045,1
2EZxP9X1Kfuf2sxyBPfi2VsBbr6iJeepuv5tEiAHscAh,HumidiFi,0.027,1
2QfBNK2WDwSLoUQRb1zAnp3KM12N9hQ8q6ApwUMnWW2T,SolFiV2,0.009,1
2SvvSFgzM9zEE1Y1vNXorfurtB2eRH3QHpMkpcVTXfrc,HumidiFi,0.027,1
2SvvSFgzM9zEE1Y1vNXorfurtB2eRH3QHpMkpcVTXfrc,BisonFi,0.009,1
2SvvSFgzM9zEE1Y1vNXorfurtB2eRH3QHpMkpcVTXfrc,TesseraV,0.009,1
2b4NhGTayvycDf7VvZGd6xpSjs3f7iiRZQSyjs71yJ23,HumidiFi,0.072,1
2b4NhGTayvycDf7VvZGd6xpSjs3f7iiRZQSyjs71yJ23,GoonFi,0.063,1
2b4NhGTayvycDf7VvZGd6xpSjs3f7iiRZQSyjs71yJ23,BisonFi,0.027,1
2b4NhGTayvycDf7VvZGd6xpSjs3f7iiRZQSyjs71yJ23,SolFiV2,0.018,1
2b4NhGTayvycDf7VvZGd6xpSjs3f7iiRZQSyjs71yJ23,TesseraV,0.009,1
2dRR9CaNrEsHm3UqZacEf8AoDuDx4NGQyMhGxG71NzkN,HumidiFi,1.8,1
2dRR9CaNrEsHm3UqZacEf8AoDuDx4NGQyMhGxG71NzkN,BisonFi,0.306,1
2dRR9CaNrEsHm3UqZacEf8AoDuDx4NGQyMhGxG71NzkN,GoonFi,0.027,1
2dRR9CaNrEsHm3UqZacEf8AoDuDx4NGQyMhGxG71NzkN,TesseraV,0.027,1
2dRR9CaNrEsHm3UqZacEf8AoDuDx4NGQyMhGxG71NzkN,SolFiV2,0.018,1
2m4vG7HTvuTSaGdWpGWNw2JHxiybc9kfVrT6GLsysqfZ,HumidiFi,0.036,1
2n78p72RVYbyAiPtzZCNBYjMsEXKRiqfd5zArK8r2tgG,HumidiFi,0.054,1
2n78p72RVYbyAiPtzZCNBYjMsEXKRiqfd5zArK8r2tgG,SolFiV2,0.018,1
2n78p72RVYbyAiPtzZCNBYjMsEXKRiqfd5zArK8r2tgG,BisonFi,0.009,1
2npqrs8E9iWPGjRhWp7BsD9nG62xnBm9Av4rWgqF3ZPK,HumidiFi,1.566,1
2npqrs8E9iWPGjRhWp7BsD9nG62xnBm9Av4rWgqF3ZPK,TesseraV,0.063,1
2npqrs8E9iWPGjRhWp7BsD9nG62xnBm9Av4rWgqF3ZPK,BisonFi,0.018,1
2npqrs8E9iWPGjRhWp7BsD9nG62xnBm9Av4rWgqF3ZPK,GoonFi,0.018,1
2npqrs8E9iWPGjRhWp7BsD9nG62xnBm9Av4rWgqF3ZPK,SolFiV2,0.018,1
2snHHreXbpJ7UwZxPe37gnUNf7Wx7wv6UKDSR2JckKuS,SolFiV2,0.018,1
2snHHreXbpJ7UwZxPe37gnUNf7Wx7wv6UKDSR2JckKuS,HumidiFi,0.009,1
2svZLkuBny8diCa9kApRsHEgtPPtDo7aKasLUyPqUrDd,HumidiFi,0.117,1
2svZLkuBny8diCa9kApRsHEgtPPtDo7aKasLUyPqUrDd,GoonFi,0.018,1
2svZLkuBny8diCa9kApRsHEgtPPtDo7aKasLUyPqUrDd,SolFiV2,0.009,1
2svZLkuBny8diCa9kApRsHEgtPPtDo7aKasLUyPqUrDd,TesseraV,0.009,1
2wR1DAGKYPyJVUoRgJ7DFoRb4ZSxoXvZssVa3aJaVpw4,HumidiFi,0.009,1
31LFN462sPvJ8R8Sy1gnhiwc2k68QEzHsoBWqgrf3UGs,ZeroFi,0.009,1
322nTFg3nyRMXHgbAjQqdFC7cjQrcvTd6QGbNt1y8Yff,HumidiFi,0.009,1
3333JG5dZ1nRDyKwCmrC3HwoevuaFP5L7p3AAjfagggg,HumidiFi,0.027,1
3NC8bmzCeEK2NBw1G5W6EmR66DNRW3gR22CGMt9EmxrU,BisonFi,0.126,1
3NC8bmzCeEK2NBw1G5W6EmR66DNRW3gR22CGMt9EmxrU,HumidiFi,0.09,1
3NC8bmzCeEK2NBw1G5W6EmR66DNRW3gR22CGMt9EmxrU,SolFiV2,0.063,1
3NC8bmzCeEK2NBw1G5W6EmR66DNRW3gR22CGMt9EmxrU,GoonFi,0.009,1
3T6gxwpMjdT7h4N8i6ucynpe8xXiWj8B1aLKNTS1d3dC,HumidiFi,0.27,1
3ccqanQ7s9T7usEaPh6DcESrjW3MphhwEtDHKNmSxR23,GoonFi,0.09,1
3ccqanQ7s9T7usEaPh6DcESrjW3MphhwEtDHKNmSxR23,HumidiFi,0.045,1
3ccqanQ7s9T7usEaPh6DcESrjW3MphhwEtDHKNmSxR23,SolFiV2,0.027,1
3ccqanQ7s9T7usEaPh6DcESrjW3MphhwEtDHKNmSxR23,BisonFi,0.018,1
3ccqanQ7s9T7usEaPh6DcESrjW3MphhwEtDHKNmSxR23,ZeroFi,0.009,1
3hPFdVwVjRK33VySYhxJ8zHHaXiaD7iDe6BYTaCmzzyR,SolFiV2,0.009,1
3xb1APhYyenJhoq6Kpjetps9rsmS8kJAGhXVBHaDyWmL,GoonFi,0.315,1
3xb1APhYyenJhoq6Kpjetps9rsmS8kJAGhXVBHaDyWmL,HumidiFi,0.234,1
3xb1APhYyenJhoq6Kpjetps9rsmS8kJAGhXVBHaDyWmL,SolFiV2,0.045,1
3xb1APhYyenJhoq6Kpjetps9rsmS8kJAGhXVBHaDyWmL,BisonFi,0.036,1
3xb1APhYyenJhoq6Kpjetps9rsmS8kJAGhXVBHaDyWmL,TesseraV,0.027,1
3xb1APhYyenJhoq6Kpjetps9rsmS8kJAGhXVBHaDyWmL,ZeroFi,0.009,1
47qGcvnQ6ivbfoccs1Ck56CByhfzoJKd8nA3DzX3jBEh,GoonFi,0.009,1
4RvgumbsgRftVLTK1cXGsyXnuGVm42juEMSkRA9JHLNb,HumidiFi,0.009,1
4dC1XCS2R2rqm1TXgq2K2QX4T5eCSYTW5QSu4TJAYh23,BisonFi,0.027,1
4dC1XCS2R2rqm1TXgq2K2QX4T5eCSYTW5QSu4TJAYh23,GoonFi,0.027,1
4dC1XCS2R2rqm1TXgq2K2QX4T5eCSYTW5QSu4TJAYh23,HumidiFi,0.018,1
4dC1XCS2R2rqm1TXgq2K2QX4T5eCSYTW5QSu4TJAYh23,SolFiV2,0.018,1
4i3kFLZuutG5fvjg5wvq15n4NPpj12wXCRMyP7TcZbNj,SolFiV2,0.3239999999999999,1
4i3kFLZuutG5fvjg5wvq15n4NPpj12wXCRMyP7TcZbNj,HumidiFi,0.243,1
4i3kFLZuutG5fvjg5wvq15n4NPpj12wXCRMyP7TcZbNj,GoonFi,0.171,1
4i3kFLZuutG5fvjg5wvq15n4NPpj12wXCRMyP7TcZbNj,ZeroFi,0.09,1
4i3kFLZuutG5fvjg5wvq15n4NPpj12wXCRMyP7TcZbNj,BisonFi,0.027,1
4i3kFLZuutG5fvjg5wvq15n4NPpj12wXCRMyP7TcZbNj,TesseraV,0.009,1
4o9Sgxpam1ihEJLPKxpgPfMpgxhXpcGEqPGptLxGJ7yv,GoonFi,0.009,1
4o9Sgxpam1ihEJLPKxpgPfMpgxhXpcGEqPGptLxGJ7yv,HumidiFi,0.009,1
4swoALYuvetDK6N3ak1Knc1bMLbm7nzkxCW1nqjPWGRV,HumidiFi,2.178,1
4swoALYuvetDK6N3ak1Knc1bMLbm7nzkxCW1nqjPWGRV,BisonFi,0.5760000000000001,1
4swoALYuvetDK6N3ak1Knc1bMLbm7nzkxCW1nqjPWGRV,GoonFi,0.117,1
4swoALYuvetDK6N3ak1Knc1bMLbm7nzkxCW1nqjPWGRV,SolFiV2,0.0809999999999999,1
4swoALYuvetDK6N3ak1Knc1bMLbm7nzkxCW1nqjPWGRV,TesseraV,0.063,1
4swoALYuvetDK6N3ak1Knc1bMLbm7nzkxCW1nqjPWGRV,ZeroFi,0.009,1
54Pz1e35z9uoFdnxtzjp7xZQoFiofqhdayQWBMN7dsuy,HumidiFi,0.027,1
5UH56M4SmCEnqNb5GrZ7XXx9vSLGJ3xihmLmSrFCk4EL,BisonFi,0.018,1
5UH56M4SmCEnqNb5GrZ7XXx9vSLGJ3xihmLmSrFCk4EL,HumidiFi,0.018,1
5UH56M4SmCEnqNb5GrZ7XXx9vSLGJ3xihmLmSrFCk4EL,TesseraV,0.009,1
5Y8qP9AavHyG69gTMbJP6v3Cj85VnDimdE1GZtfdV1WL,HumidiFi,0.054,1
5Y8qP9AavHyG69gTMbJP6v3Cj85VnDimdE1GZtfdV1WL,ObricV2,0.036,1
5Y8qP9AavHyG69gTMbJP6v3Cj85VnDimdE1GZtfdV1WL,BisonFi,0.027,1
5Y8qP9AavHyG69gTMbJP6v3Cj85VnDimdE1GZtfdV1WL,TesseraV,0.027,1
5Y8qP9AavHyG69gTMbJP6v3Cj85VnDimdE1GZtfdV1WL,GoonFi,0.009,1
5Zm6GraYjpaNCoAnTpWThxzynVZvPM8DdcVvyK9vecKT,HumidiFi,0.117,1
5Zm6GraYjpaNCoAnTpWThxzynVZvPM8DdcVvyK9vecKT,BisonFi,0.108,1
5Zm6GraYjpaNCoAnTpWThxzynVZvPM8DdcVvyK9vecKT,GoonFi,0.036,1
5Zm6GraYjpaNCoAnTpWThxzynVZvPM8DdcVvyK9vecKT,TesseraV,0.018,1
5cU5rbxAcpaGoPyms9jKoXQX5EiZzD3DNmwzbC3qE8Sd,HumidiFi,0.045,1
5cU5rbxAcpaGoPyms9jKoXQX5EiZzD3DNmwzbC3qE8Sd,BisonFi,0.027,1
5cU5rbxAcpaGoPyms9jKoXQX5EiZzD3DNmwzbC3qE8Sd,GoonFi,0.009,1
5cU5rbxAcpaGoPyms9jKoXQX5EiZzD3DNmwzbC3qE8Sd,SolFiV2,0.009,1
5cU5rbxAcpaGoPyms9jKoXQX5EiZzD3DNmwzbC3qE8Sd,TesseraV,0.009,1
5d8tDay1ZDV4XVUBtTvFvQiLxDe8dz2ZCdsrkmTDcbm5,HumidiFi,0.135,1
5ePvEZx19BZxVvF3nu6gQacoBA9mEFV82eGnRNrnhK23,GoonFi,0.063,1
5ePvEZx19BZxVvF3nu6gQacoBA9mEFV82eGnRNrnhK23,HumidiFi,0.045,1
5ePvEZx19BZxVvF3nu6gQacoBA9mEFV82eGnRNrnhK23,BisonFi,0.036,1
5ePvEZx19BZxVvF3nu6gQacoBA9mEFV82eGnRNrnhK23,SolFiV2,0.018,1
5ePvEZx19BZxVvF3nu6gQacoBA9mEFV82eGnRNrnhK23,TesseraV,0.009,1
5tkPL9BaSmj3W4YLDCocL41RPeLsw7CAEkWW7ivqF5v1,TesseraV,0.045,1
5tkPL9BaSmj3W4YLDCocL41RPeLsw7CAEkWW7ivqF5v1,HumidiFi,0.027,1
5tkPL9BaSmj3W4YLDCocL41RPeLsw7CAEkWW7ivqF5v1,ZeroFi,0.027,1
5tkPL9BaSmj3W4YLDCocL41RPeLsw7CAEkWW7ivqF5v1,BisonFi,0.009,1
5tkPL9BaSmj3W4YLDCocL41RPeLsw7CAEkWW7ivqF5v1,GoonFi,0.009,1
5wMHFyCgRrggsKWrvS2zHDHi7V6xfwfSAsZG95LwXYUQ,HumidiFi,0.09,1
5wMHFyCgRrggsKWrvS2zHDHi7V6xfwfSAsZG95LwXYUQ,BisonFi,0.027,1
5y5jCvdD6uTPjWbQtLj8ABQ56jCor2SxURidAqGSyviw,HumidiFi,0.018,1
5y5jCvdD6uTPjWbQtLj8ABQ56jCor2SxURidAqGSyviw,GoonFi,0.009,1
5y5jCvdD6uTPjWbQtLj8ABQ56jCor2SxURidAqGSyviw,SolFiV2,0.009,1
61yfAVS257Jgx7oMhUG5uZVZMbcnfuZM3JG3BYgdyfT4,GoonFi,0.027,1
61yfAVS257Jgx7oMhUG5uZVZMbcnfuZM3JG3BYgdyfT4,BisonFi,0.009,1
666zhExqDUnApdhG4YAN7Vw4eTQyc6L988mRTqjqh73t,BisonFi,0.009,1
666zhExqDUnApdhG4YAN7Vw4eTQyc6L988mRTqjqh73t,GoonFi,0.009,1
666zhExqDUnApdhG4YAN7Vw4eTQyc6L988mRTqjqh73t,HumidiFi,0.009,1
666zhExqDUnApdhG4YAN7Vw4eTQyc6L988mRTqjqh73t,TesseraV,0.009,1
66FKXM3n8hWZJH5vWfGTvAVRAAkvbR7TQK5dgPDGiZvm,HumidiFi,0.009,1
68HKBoDYFRK9DsXZgGuP7357D6ASrosHfLZYpvBiLbwK,TesseraV,0.036,1
68HKBoDYFRK9DsXZgGuP7357D6ASrosHfLZYpvBiLbwK,BisonFi,0.018,1
68HKBoDYFRK9DsXZgGuP7357D6ASrosHfLZYpvBiLbwK,GoonFi,0.018,1
6FPgDPwgAY4WskguMZ5t4R8ujCtrCJghRELwBXxyLYCC,HumidiFi,0.117,1
6FPgDPwgAY4WskguMZ5t4R8ujCtrCJghRELwBXxyLYCC,ZeroFi,0.099,1
6FPgDPwgAY4WskguMZ5t4R8ujCtrCJghRELwBXxyLYCC,GoonFi,0.018,1
6FPgDPwgAY4WskguMZ5t4R8ujCtrCJghRELwBXxyLYCC,BisonFi,0.009,1
6d51A3mAaRHMZx2Zyf29SKmudjxHnyQmFc7LwpjoZMSc,SolFiV2,0.009,1
6gRnEaxAPr1hjtwCzrmSAztA4xbHCVNWJSRXh74sXFKJ,SolFiV2,0.36,1
6gRnEaxAPr1hjtwCzrmSAztA4xbHCVNWJSRXh74sXFKJ,HumidiFi,0.252,1
6gRnEaxAPr1hjtwCzrmSAztA4xbHCVNWJSRXh74sXFKJ,ZeroFi,0.126,1
6gRnEaxAPr1hjtwCzrmSAztA4xbHCVNWJSRXh74sXFKJ,GoonFi,0.117,1
6gRnEaxAPr1hjtwCzrmSAztA4xbHCVNWJSRXh74sXFKJ,BisonFi,0.018,1
6gRnEaxAPr1hjtwCzrmSAztA4xbHCVNWJSRXh74sXFKJ,TesseraV,0.009,1
6nTMtwShZeWEuVmi9Q6aPhATvqgaZ6ptATRXENjnUufZ,SolFiV2,0.009,1
6qdGJMxurSM3ydmvaCRpBsFQTZvi4EJyfsndz1kDFnET,HumidiFi,0.018,1
6w56SRhxWCtryzYAv92AVBdaE4oUzZzjXTEsFQ6eTKVN,HumidiFi,0.018,1
6w56SRhxWCtryzYAv92AVBdaE4oUzZzjXTEsFQ6eTKVN,TesseraV,0.018,1
6w56SRhxWCtryzYAv92AVBdaE4oUzZzjXTEsFQ6eTKVN,BisonFi,0.009,1
71wKmu7jUhSgbo1HGiuA3ShfgAHAJfqZxjMW7HJexyVR,HumidiFi,0.0809999999999999,1
71wKmu7jUhSgbo1HGiuA3ShfgAHAJfqZxjMW7HJexyVR,GoonFi,0.063,1
71wKmu7jUhSgbo1HGiuA3ShfgAHAJfqZxjMW7HJexyVR,BisonFi,0.036,1
71wKmu7jUhSgbo1HGiuA3ShfgAHAJfqZxjMW7HJexyVR,TesseraV,0.018,1
71wKmu7jUhSgbo1HGiuA3ShfgAHAJfqZxjMW7HJexyVR,SolFiV2,0.009,1
71wKmu7jUhSgbo1HGiuA3ShfgAHAJfqZxjMW7HJexyVR,ZeroFi,0.009,1
7JJ4RrYC4wBb2ZangbVW4XbQenhEbkdoo7vhoWoShYjp,SolFiV2,0.351,1
7JJ4RrYC4wBb2ZangbVW4XbQenhEbkdoo7vhoWoShYjp,HumidiFi,0.27,1
7JJ4RrYC4wBb2ZangbVW4XbQenhEbkdoo7vhoWoShYjp,GoonFi,0.1619999999999999,1
7JJ4RrYC4wBb2ZangbVW4XbQenhEbkdoo7vhoWoShYjp,ZeroFi,0.117,1
7JJ4RrYC4wBb2ZangbVW4XbQenhEbkdoo7vhoWoShYjp,BisonFi,0.045,1
7JJ4RrYC4wBb2ZangbVW4XbQenhEbkdoo7vhoWoShYjp,TesseraV,0.009,1
7JQeyNK55fkUPUmEotupBFpiBGpgEQYLe8Ht1VdSfxcP,HumidiFi,0.036,1
7JQeyNK55fkUPUmEotupBFpiBGpgEQYLe8Ht1VdSfxcP,BisonFi,0.009,1
7LFYBv2FQDY6aw5hL5SBCW2PiHG8TmENxBnfUnCksRbs,HumidiFi,0.018,1
7dGrdJRYtsNR8UYxZ3TnifXGjGc9eRYLq9sELwYpuuUu,HumidiFi,0.018,1
7dGrdJRYtsNR8UYxZ3TnifXGjGc9eRYLq9sELwYpuuUu,GoonFi,0.009,1
7jN6hUdNBdkK12wVM2iydxx9hzsxUhUppmr99Aeu6cKb,BisonFi,0.009,1
7jN6hUdNBdkK12wVM2iydxx9hzsxUhUppmr99Aeu6cKb,HumidiFi,0.009,1
7rtiKSUDLBm59b1SBmD9oajcP8xE64vAGSMbAN5CXy1q,HumidiFi,0.018,1
888SGnyhGzqQuuWDVL48tn7xJsAEV259mK9V4YEcUn6f,HumidiFi,0.054,1
888SGnyhGzqQuuWDVL48tn7xJsAEV259mK9V4YEcUn6f,BisonFi,0.018,1
888SGnyhGzqQuuWDVL48tn7xJsAEV259mK9V4YEcUn6f,GoonFi,0.009,1
88S3zQ4RhahQJSMrusV3sxhZXJewo4oQ3ErNTXaN9VgR,HumidiFi,1.665,1
88S3zQ4RhahQJSMrusV3sxhZXJewo4oQ3ErNTXaN9VgR,BisonFi,0.108,1
88S3zQ4RhahQJSMrusV3sxhZXJewo4oQ3ErNTXaN9VgR,SolFiV2,0.009,1
8BqPz57R477iHSEwZpryDh8u6PD6fdmzKK6Wn9AjMnK3,HumidiFi,0.009,1
8H1Lqr6t7kvx5BY1zLkkARj8pksoXvixwjKBdvVC1y6U,HumidiFi,0.009,1
8gzcxch799t9an1P8DNXxjzL2V6Yche5TY5prjf1jL9H,ZeroFi,0.099,1
8gzcxch799t9an1P8DNXxjzL2V6Yche5TY5prjf1jL9H,HumidiFi,0.036,1
8gzcxch799t9an1P8DNXxjzL2V6Yche5TY5prjf1jL9H,SolFiV2,0.027,1
8jtt2EgUvMLnoCamfRwXyMCF37HTrtcr76VL16Btbwro,HumidiFi,0.108,1
8jtt2EgUvMLnoCamfRwXyMCF37HTrtcr76VL16Btbwro,GoonFi,0.018,1
8oKVwqA5S2B7g2Li6yqZ4KKghpER8G1vj3bbeg8dFkSw,HumidiFi,1.134,1
8oKVwqA5S2B7g2Li6yqZ4KKghpER8G1vj3bbeg8dFkSw,SolFiV2,0.252,1
8oKVwqA5S2B7g2Li6yqZ4KKghpER8G1vj3bbeg8dFkSw,ZeroFi,0.171,1
8oKVwqA5S2B7g2Li6yqZ4KKghpER8G1vj3bbeg8dFkSw,GoonFi,0.153,1
8oKVwqA5S2B7g2Li6yqZ4KKghpER8G1vj3bbeg8dFkSw,BisonFi,0.099,1
8oKVwqA5S2B7g2Li6yqZ4KKghpER8G1vj3bbeg8dFkSw,TesseraV,0.054,1
8psNvWTrdNTiVRNzAgsou9kETXNJm2SXZyaKuJraVRtf,HumidiFi,0.036,1
8psNvWTrdNTiVRNzAgsou9kETXNJm2SXZyaKuJraVRtf,SolFiV2,0.009,1
8sQhXy6XVTFC3qHGQruPJHEYNUeAuNnT7DPckzBzdtKm,HumidiFi,0.009,1
8zrxRCK1HjFNGhsvc7NJXfj2ybPxR3p25FhwFmEeyrAe,HumidiFi,0.063,1
8zrxRCK1HjFNGhsvc7NJXfj2ybPxR3p25FhwFmEeyrAe,BisonFi,0.009,1
92eSno2a7EqaBrj11tqxwaVTyZcwxhRNKCQsznLzDm25,HumidiFi,0.342,1
92eSno2a7EqaBrj11tqxwaVTyZcwxhRNKCQsznLzDm25,SolFiV2,0.0809999999999999,1
92eSno2a7EqaBrj11tqxwaVTyZcwxhRNKCQsznLzDm25,ZeroFi,0.063,1
92eSno2a7EqaBrj11tqxwaVTyZcwxhRNKCQsznLzDm25,BisonFi,0.045,1
92eSno2a7EqaBrj11tqxwaVTyZcwxhRNKCQsznLzDm25,GoonFi,0.027,1
92eSno2a7EqaBrj11tqxwaVTyZcwxhRNKCQsznLzDm25,TesseraV,0.009,1
99WHBf1vR8XQtMsMKFU3JMh6ZihZSVSGDjVtyABbAM9J,BisonFi,0.027,1
99WHBf1vR8XQtMsMKFU3JMh6ZihZSVSGDjVtyABbAM9J,HumidiFi,0.018,1
9ALtCwp8AyhEFd4yQEqKAgL9tpkekpsm46bChZcRMibu,HumidiFi,0.351,1
9ALtCwp8AyhEFd4yQEqKAgL9tpkekpsm46bChZcRMibu,TesseraV,0.099,1
9ALtCwp8AyhEFd4yQEqKAgL9tpkekpsm46bChZcRMibu,GoonFi,0.09,1
9ALtCwp8AyhEFd4yQEqKAgL9tpkekpsm46bChZcRMibu,BisonFi,0.054,1
9ALtCwp8AyhEFd4yQEqKAgL9tpkekpsm46bChZcRMibu,SolFiV2,0.036,1
9TXFVx8N9dPneS3ETRt8KWtUXLRUsz6j6JM3bEXqkR3Z,HumidiFi,2.439,1
9TXFVx8N9dPneS3ETRt8KWtUXLRUsz6j6JM3bEXqkR3Z,BisonFi,0.288,1
9TXFVx8N9dPneS3ETRt8KWtUXLRUsz6j6JM3bEXqkR3Z,TesseraV,0.027,1
9TXFVx8N9dPneS3ETRt8KWtUXLRUsz6j6JM3bEXqkR3Z,GoonFi,0.018,1
9TXFVx8N9dPneS3ETRt8KWtUXLRUsz6j6JM3bEXqkR3Z,SolFiV2,0.009,1
9XUWb3unwaGczFkEJAZiQd2xaZmm6NK68G775JEn2kaZ,HumidiFi,0.171,1
9XUWb3unwaGczFkEJAZiQd2xaZmm6NK68G775JEn2kaZ,GoonFi,0.045,1
9XUWb3unwaGczFkEJAZiQd2xaZmm6NK68G775JEn2kaZ,TesseraV,0.036,1
9XUWb3unwaGczFkEJAZiQd2xaZmm6NK68G775JEn2kaZ,BisonFi,0.027,1
9XUWb3unwaGczFkEJAZiQd2xaZmm6NK68G775JEn2kaZ,SolFiV2,0.018,1
9m5oyKCbccxTGphZkdymU5MEpWZfhrm3YVmCJmni9Kfy,HumidiFi,0.036,1
9m5oyKCbccxTGphZkdymU5MEpWZfhrm3YVmCJmni9Kfy,SolFiV2,0.018,1
9m5oyKCbccxTGphZkdymU5MEpWZfhrm3YVmCJmni9Kfy,GoonFi,0.009,1
9osj5ksZcrYVeft5pjN1KUNpuM9xiZpjLPxtiMHG4AT5,HumidiFi,0.252,1
9osj5ksZcrYVeft5pjN1KUNpuM9xiZpjLPxtiMHG4AT5,GoonFi,0.135,1
9osj5ksZcrYVeft5pjN1KUNpuM9xiZpjLPxtiMHG4AT5,ZeroFi,0.027,1
9osj5ksZcrYVeft5pjN1KUNpuM9xiZpjLPxtiMHG4AT5,BisonFi,0.018,1
9osj5ksZcrYVeft5pjN1KUNpuM9xiZpjLPxtiMHG4AT5,TesseraV,0.018,1
9osj5ksZcrYVeft5pjN1KUNpuM9xiZpjLPxtiMHG4AT5,SolFiV2,0.009,1
A3SBUE2ERJkhRyUGRzoptZJtETqjWPViJimfnefCN8RZ,HumidiFi,0.009,1
A3SBUE2ERJkhRyUGRzoptZJtETqjWPViJimfnefCN8RZ,SolFiV2,0.009,1
A3vFkGBrj4MRugemEXWdSFztWgBXi9eQPtD3V28Va7WH,HumidiFi,0.6930000000000001,1
A3vFkGBrj4MRugemEXWdSFztWgBXi9eQPtD3V28Va7WH,BisonFi,0.216,1
A3vFkGBrj4MRugemEXWdSFztWgBXi9eQPtD3V28Va7WH,ObricV2,0.045,1
A3vFkGBrj4MRugemEXWdSFztWgBXi9eQPtD3V28Va7WH,GoonFi,0.009,1
A3vFkGBrj4MRugemEXWdSFztWgBXi9eQPtD3V28Va7WH,SolFiV2,0.009,1
A3vFkGBrj4MRugemEXWdSFztWgBXi9eQPtD3V28Va7WH,ZeroFi,0.009,1
A8A9GoxfmcjY2QAQ8tYS98SqDBF6hUFDmxAKBsLw29sL,HumidiFi,0.225,1
A8A9GoxfmcjY2QAQ8tYS98SqDBF6hUFDmxAKBsLw29sL,BisonFi,0.099,1
A8A9GoxfmcjY2QAQ8tYS98SqDBF6hUFDmxAKBsLw29sL,TesseraV,0.072,1
A8A9GoxfmcjY2QAQ8tYS98SqDBF6hUFDmxAKBsLw29sL,SolFiV2,0.063,1
A8A9GoxfmcjY2QAQ8tYS98SqDBF6hUFDmxAKBsLw29sL,GoonFi,0.045,1
A8A9GoxfmcjY2QAQ8tYS98SqDBF6hUFDmxAKBsLw29sL,ZeroFi,0.018,1
AAAAhimgGTLkft3X2J8F7U9DAaRhxHGzdedhFtAGeTsR,HumidiFi,0.027,1
AAAAhimgGTLkft3X2J8F7U9DAaRhxHGzdedhFtAGeTsR,TesseraV,0.018,1
AE861PyrYJXm2TuxiMc8Ecwo4YYgAHfcYum3GWpSRFe3,HumidiFi,1.089,1
AE861PyrYJXm2TuxiMc8Ecwo4YYgAHfcYum3GWpSRFe3,TesseraV,0.5760000000000001,1
AE861PyrYJXm2TuxiMc8Ecwo4YYgAHfcYum3GWpSRFe3,BisonFi,0.279,1
AE861PyrYJXm2TuxiMc8Ecwo4YYgAHfcYum3GWpSRFe3,GoonFi,0.207,1
AE861PyrYJXm2TuxiMc8Ecwo4YYgAHfcYum3GWpSRFe3,ZeroFi,0.198,1
AE861PyrYJXm2TuxiMc8Ecwo4YYgAHfcYum3GWpSRFe3,SolFiV2,0.117,1
AE862TWQFAU6SCu7X5asMEB4ZQwvWZesnc8dVxhkqhL1,HumidiFi,0.036,1
AE8635syc7jEWkmRfo97ypBd4TwhuZSyvPTsKF3hAFgb,HumidiFi,0.063,1
AE8635syc7jEWkmRfo97ypBd4TwhuZSyvPTsKF3hAFgb,BisonFi,0.018,1
AE8635syc7jEWkmRfo97ypBd4TwhuZSyvPTsKF3hAFgb,GoonFi,0.009,1
AE8635syc7jEWkmRfo97ypBd4TwhuZSyvPTsKF3hAFgb,TesseraV,0.009,1
AEB9dXBoxkrapNd59Kg29JefMMf3M1WLcNA12XjKSf4R,HumidiFi,3.888,1
AEB9dXBoxkrapNd59Kg29JefMMf3M1WLcNA12XjKSf4R,TesseraV,0.108,1
AEB9dXBoxkrapNd59Kg29JefMMf3M1WLcNA12XjKSf4R,BisonFi,0.045,1
AEB9dXBoxkrapNd59Kg29JefMMf3M1WLcNA12XjKSf4R,SolFiV2,0.036,1
AEB9dXBoxkrapNd59Kg29JefMMf3M1WLcNA12XjKSf4R,GoonFi,0.018,1
AECTMxLqHaSL8QznVZSWp3ozuKjzKfRPTy65ZP2jdvvr,GoonFi,0.054,1
AECTMxLqHaSL8QznVZSWp3ozuKjzKfRPTy65ZP2jdvvr,HumidiFi,0.045,1
AECTMxLqHaSL8QznVZSWp3ozuKjzKfRPTy65ZP2jdvvr,SolFiV2,0.009,1
AG2UQKHngd3p6pTLJjS5Bk1eRVAEJAvNA89f6VmJrQUk,HumidiFi,0.558,1
AG2UQKHngd3p6pTLJjS5Bk1eRVAEJAvNA89f6VmJrQUk,TesseraV,0.207,1
AG2UQKHngd3p6pTLJjS5Bk1eRVAEJAvNA89f6VmJrQUk,BisonFi,0.108,1
AG2UQKHngd3p6pTLJjS5Bk1eRVAEJAvNA89f6VmJrQUk,GoonFi,0.072,1
AG2UQKHngd3p6pTLJjS5Bk1eRVAEJAvNA89f6VmJrQUk,SolFiV2,0.036,1
ARBx73zSiEhM1fDhX2vzQgWLqNiGXuhDZUuZVEuBwJ1m,BisonFi,0.018,1
ARBx73zSiEhM1fDhX2vzQgWLqNiGXuhDZUuZVEuBwJ1m,HumidiFi,0.009,1
ARBx92tyV8htTbEWCRH22tgje5vUeCkZm9p4y6TjJCjN,HumidiFi,0.018,1
ARBx92tyV8htTbEWCRH22tgje5vUeCkZm9p4y6TjJCjN,BisonFi,0.009,1
ARBx92tyV8htTbEWCRH22tgje5vUeCkZm9p4y6TjJCjN,GoonFi,0.009,1
ARBx92tyV8htTbEWCRH22tgje5vUeCkZm9p4y6TjJCjN,SolFiV2,0.009,1
ATQs6A92eUzdxTBsQhRJxxJDpgYDTGvLnU4e5mMEfY3k,HumidiFi,1.773,1
ATQs6A92eUzdxTBsQhRJxxJDpgYDTGvLnU4e5mMEfY3k,BisonFi,0.234,1
ATQs6A92eUzdxTBsQhRJxxJDpgYDTGvLnU4e5mMEfY3k,SolFiV2,0.072,1
ATQs6A92eUzdxTBsQhRJxxJDpgYDTGvLnU4e5mMEfY3k,ObricV2,0.027,1
ATQs6A92eUzdxTBsQhRJxxJDpgYDTGvLnU4e5mMEfY3k,GoonFi,0.009,1
ATQs6A92eUzdxTBsQhRJxxJDpgYDTGvLnU4e5mMEfY3k,TesseraV,0.009,1
ATQs6A92eUzdxTBsQhRJxxJDpgYDTGvLnU4e5mMEfY3k,ZeroFi,0.009,1
AVsBvTv1LPnZn8qkJRzLqRtTU9eHzdp2FueRZWtTNmag,HumidiFi,0.135,1
AVsBvTv1LPnZn8qkJRzLqRtTU9eHzdp2FueRZWtTNmag,GoonFi,0.054,1
AVsBvTv1LPnZn8qkJRzLqRtTU9eHzdp2FueRZWtTNmag,TesseraV,0.027,1
AVsBvTv1LPnZn8qkJRzLqRtTU9eHzdp2FueRZWtTNmag,BisonFi,0.018,1
AVsBvTv1LPnZn8qkJRzLqRtTU9eHzdp2FueRZWtTNmag,SolFiV2,0.009,1
AVsBvTv1LPnZn8qkJRzLqRtTU9eHzdp2FueRZWtTNmag,ZeroFi,0.009,1
AgmLJBMDCqWynYnQiPCuj9ewsNNsBJXyzoUhD9LJzN51,HumidiFi,0.27,1
AgmLJBMDCqWynYnQiPCuj9ewsNNsBJXyzoUhD9LJzN51,SolFiV2,0.045,1
AgmLJBMDCqWynYnQiPCuj9ewsNNsBJXyzoUhD9LJzN51,TesseraV,0.036,1
AgmLJBMDCqWynYnQiPCuj9ewsNNsBJXyzoUhD9LJzN51,BisonFi,0.018,1
AgmLJBMDCqWynYnQiPCuj9ewsNNsBJXyzoUhD9LJzN51,GoonFi,0.018,1
AgmLJBMDCqWynYnQiPCuj9ewsNNsBJXyzoUhD9LJzN51,ZeroFi,0.018,1
AiH2ff9tN2VKwUXVXJawEmAxWkBTZoPPcZGwHUmihjY8,HumidiFi,0.315,1
AiH2ff9tN2VKwUXVXJawEmAxWkBTZoPPcZGwHUmihjY8,TesseraV,0.09,1
AiH2ff9tN2VKwUXVXJawEmAxWkBTZoPPcZGwHUmihjY8,GoonFi,0.036,1
AiH2ff9tN2VKwUXVXJawEmAxWkBTZoPPcZGwHUmihjY8,BisonFi,0.027,1
AiH2ff9tN2VKwUXVXJawEmAxWkBTZoPPcZGwHUmihjY8,SolFiV2,0.027,1
An1RKaJEH9yV5fxz5TZea5V1Cz4ebcA8JjTeo1sc4zLU,HumidiFi,0.099,1
An1RKaJEH9yV5fxz5TZea5V1Cz4ebcA8JjTeo1sc4zLU,GoonFi,0.018,1
An1RKaJEH9yV5fxz5TZea5V1Cz4ebcA8JjTeo1sc4zLU,BisonFi,0.009,1
An1RKaJEH9yV5fxz5TZea5V1Cz4ebcA8JjTeo1sc4zLU,SolFiV2,0.009,1
AnYREiiPFqVgW2tZzNFEz66RWAwfQBFtquVLDrzXNx9A,HumidiFi,0.135,1
AnYREiiPFqVgW2tZzNFEz66RWAwfQBFtquVLDrzXNx9A,TesseraV,0.009,1
BCE9ic3dPTAfX1Y7ccLc8ms2UrHV864RGUZjEL9JubJh,HumidiFi,0.009,1
BCE9ic3dPTAfX1Y7ccLc8ms2UrHV864RGUZjEL9JubJh,SolFiV2,0.009,1
BWaQQwcdUVwZzEsiTRrzJ48F6woAB6rkBNzvBqMtC5cG,HumidiFi,0.045,1
BWaQQwcdUVwZzEsiTRrzJ48F6woAB6rkBNzvBqMtC5cG,BisonFi,0.009,1
BWaQQwcdUVwZzEsiTRrzJ48F6woAB6rkBNzvBqMtC5cG,GoonFi,0.009,1
BWaQQwcdUVwZzEsiTRrzJ48F6woAB6rkBNzvBqMtC5cG,ZeroFi,0.009,1
BmbwYxVhrCRo2U1CDqjWSWHAiYDM1uwfi4dHzsY9Yr4B,HumidiFi,0.1619999999999999,1
BmbwYxVhrCRo2U1CDqjWSWHAiYDM1uwfi4dHzsY9Yr4B,GoonFi,0.09,1
BmbwYxVhrCRo2U1CDqjWSWHAiYDM1uwfi4dHzsY9Yr4B,SolFiV2,0.09,1
BmbwYxVhrCRo2U1CDqjWSWHAiYDM1uwfi4dHzsY9Yr4B,BisonFi,0.036,1
BmbwYxVhrCRo2U1CDqjWSWHAiYDM1uwfi4dHzsY9Yr4B,TesseraV,0.009,1
ByiM8skpM4BrYnhfZX21w23Wt2KMU686daG8uDuNUmU4,HumidiFi,0.009,1
C2bK8HFrL71aLnpyExVoJmqjDPA9tbLMXcBNAkRQnLfQ,HumidiFi,1.359,1
C2bK8HFrL71aLnpyExVoJmqjDPA9tbLMXcBNAkRQnLfQ,BisonFi,0.8280000000000001,1
C2bK8HFrL71aLnpyExVoJmqjDPA9tbLMXcBNAkRQnLfQ,TesseraV,0.054,1
C2bK8HFrL71aLnpyExVoJmqjDPA9tbLMXcBNAkRQnLfQ,SolFiV2,0.045,1
C2bK8HFrL71aLnpyExVoJmqjDPA9tbLMXcBNAkRQnLfQ,GoonFi,0.036,1
C2bK8HFrL71aLnpyExVoJmqjDPA9tbLMXcBNAkRQnLfQ,ZeroFi,0.018,1
C9u2k7T22tbM7C53wMWZHKqVJ85eiBdrvjCu6gLvMAhe,HumidiFi,0.144,1
C9u2k7T22tbM7C53wMWZHKqVJ85eiBdrvjCu6gLvMAhe,BisonFi,0.099,1
C9u2k7T22tbM7C53wMWZHKqVJ85eiBdrvjCu6gLvMAhe,SolFiV2,0.063,1
C9u2k7T22tbM7C53wMWZHKqVJ85eiBdrvjCu6gLvMAhe,GoonFi,0.036,1
C9u2k7T22tbM7C53wMWZHKqVJ85eiBdrvjCu6gLvMAhe,TesseraV,0.018,1
CEEXTqHaqbVriXoW4uvdaPShkMaHg9AWnFXLS1nS887C,HumidiFi,0.036,1
CM8PB1jB4fbUCGRxRRCyVuF9cn3MHA78zsuEeTVg6RqF,SolFiV2,0.009,1
CSAZoZZwdoY42hQMVFHK16fkrub4J3cFsSd4wZtQTSLr,BisonFi,0.009,1
CSAZoZZwdoY42hQMVFHK16fkrub4J3cFsSd4wZtQTSLr,GoonFi,0.009,1
CatyeC3LgBxub7HcpW2n7cZZZ66CUKdcZ8DzHucHrSiP,HumidiFi,2.6910000000000003,1
CatyeC3LgBxub7HcpW2n7cZZZ66CUKdcZ8DzHucHrSiP,BisonFi,0.405,1
CatyeC3LgBxub7HcpW2n7cZZZ66CUKdcZ8DzHucHrSiP,GoonFi,0.117,1
CatyeC3LgBxub7HcpW2n7cZZZ66CUKdcZ8DzHucHrSiP,TesseraV,0.108,1
CatyeC3LgBxub7HcpW2n7cZZZ66CUKdcZ8DzHucHrSiP,SolFiV2,0.072,1
CatyeC3LgBxub7HcpW2n7cZZZ66CUKdcZ8DzHucHrSiP,ZeroFi,0.045,1
CcUrRBMqrCuMPVfd6sVTBJhyhBA1dE7qDoJkSy95bbcw,HumidiFi,0.054,1
CcUrRBMqrCuMPVfd6sVTBJhyhBA1dE7qDoJkSy95bbcw,BisonFi,0.009,1
CcUrRBMqrCuMPVfd6sVTBJhyhBA1dE7qDoJkSy95bbcw,SolFiV2,0.009,1
CcUrRBMqrCuMPVfd6sVTBJhyhBA1dE7qDoJkSy95bbcw,TesseraV,0.009,1
CgeCCF1khuPwtXrd9NYXLa1pNEhQVecePfHHHU38REQJ,HumidiFi,0.009,1
CodeP7hrXAAThQyogRLwdKLJ5iTjDfM4nBrYN2QQVzd,HumidiFi,0.027,1
CodeP7hrXAAThQyogRLwdKLJ5iTjDfM4nBrYN2QQVzd,TesseraV,0.018,1
CodeP7hrXAAThQyogRLwdKLJ5iTjDfM4nBrYN2QQVzd,ZeroFi,0.018,1
CodeP7hrXAAThQyogRLwdKLJ5iTjDfM4nBrYN2QQVzd,BisonFi,0.009,1
Cr6vUmtz58dtsyDJX2GKbifgYf7zvwgPt9HyJvwMRLL8,HumidiFi,1.071,1
Cr6vUmtz58dtsyDJX2GKbifgYf7zvwgPt9HyJvwMRLL8,BisonFi,0.189,1
Cr6vUmtz58dtsyDJX2GKbifgYf7zvwgPt9HyJvwMRLL8,ZeroFi,0.054,1
Cr6vUmtz58dtsyDJX2GKbifgYf7zvwgPt9HyJvwMRLL8,SolFiV2,0.045,1
Cr6vUmtz58dtsyDJX2GKbifgYf7zvwgPt9HyJvwMRLL8,GoonFi,0.036,1
Cr6vUmtz58dtsyDJX2GKbifgYf7zvwgPt9HyJvwMRLL8,TesseraV,0.036,1
CrhGJknir1ico1Sg6GeJLRQtq7TSArRmQ3TGAm5PEETc,HumidiFi,0.054,1
CrhGJknir1ico1Sg6GeJLRQtq7TSArRmQ3TGAm5PEETc,ZeroFi,0.054,1
CrhGJknir1ico1Sg6GeJLRQtq7TSArRmQ3TGAm5PEETc,SolFiV2,0.045,1
CrhGJknir1ico1Sg6GeJLRQtq7TSArRmQ3TGAm5PEETc,BisonFi,0.009,1
Cs1Ko5ZwzkRBZUCjkjQSCLEvtt6oCLcZjk7QTstMC8WU,HumidiFi,0.09,1
Cs1Ko5ZwzkRBZUCjkjQSCLEvtt6oCLcZjk7QTstMC8WU,GoonFi,0.045,1
Cs1Ko5ZwzkRBZUCjkjQSCLEvtt6oCLcZjk7QTstMC8WU,BisonFi,0.009,1
Cs1Ko5ZwzkRBZUCjkjQSCLEvtt6oCLcZjk7QTstMC8WU,SolFiV2,0.009,1
CsjuX7oiUZf3sRp2kt6jUPCW3PcPpEyXAKvjnyipQjPC,HumidiFi,0.009,1
CwhHRY1Dys5supiVSru4aSCFaqHbtxb3Xvxm4w6g34DR,HumidiFi,1.026,1
CwhHRY1Dys5supiVSru4aSCFaqHbtxb3Xvxm4w6g34DR,TesseraV,0.225,1
CwhHRY1Dys5supiVSru4aSCFaqHbtxb3Xvxm4w6g34DR,SolFiV2,0.018,1
CwhHRY1Dys5supiVSru4aSCFaqHbtxb3Xvxm4w6g34DR,GoonFi,0.009,1
DJocqRPK2uKWvmR5WnWcd7m8fDw6az1L54R4UuH3GrGN,HumidiFi,0.018,1
DNYdyjVsc8QGY2P6Qt9KfkHVjwTEZb6ukZ56rkBdDjDe,HumidiFi,0.009,1
DNeVNvNMdP29KGWqdv3umqFAH9QVg5aw1RLNaKNy1Gow,HumidiFi,0.18,1
DNeVNvNMdP29KGWqdv3umqFAH9QVg5aw1RLNaKNy1Gow,BisonFi,0.027,1
DNeVNvNMdP29KGWqdv3umqFAH9QVg5aw1RLNaKNy1Gow,GoonFi,0.027,1
DNeVNvNMdP29KGWqdv3umqFAH9QVg5aw1RLNaKNy1Gow,TesseraV,0.009,1
DUvvMdjQoZxRcJJmfs1F9VLgyqiW1HC8cfximJmTCA9Y,ZeroFi,0.009,1
DkV8QZdg5GH7Bb5NteLJVYCF2mwBSCFt7AcTnmVvTfeW,HumidiFi,0.495,1
DkV8QZdg5GH7Bb5NteLJVYCF2mwBSCFt7AcTnmVvTfeW,BisonFi,0.432,1
DkV8QZdg5GH7Bb5NteLJVYCF2mwBSCFt7AcTnmVvTfeW,TesseraV,0.018,1
DkV8QZdg5GH7Bb5NteLJVYCF2mwBSCFt7AcTnmVvTfeW,GoonFi,0.009,1
DkV8QZdg5GH7Bb5NteLJVYCF2mwBSCFt7AcTnmVvTfeW,SolFiV2,0.009,1
Dog1YVcGCdTYNpRpwUdod7zAGjztVL1ZeHAVYaYD1h5Q,HumidiFi,0.063,1
Dog1YVcGCdTYNpRpwUdod7zAGjztVL1ZeHAVYaYD1h5Q,GoonFi,0.009,1
Dog1YVcGCdTYNpRpwUdod7zAGjztVL1ZeHAVYaYD1h5Q,TesseraV,0.009,1
E2MPTDnFPNiCRmbJGKYSYew48NWRGVNfHjoiibFP5VL2,SolFiV2,1.818,1
E2MPTDnFPNiCRmbJGKYSYew48NWRGVNfHjoiibFP5VL2,HumidiFi,1.125,1
E2MPTDnFPNiCRmbJGKYSYew48NWRGVNfHjoiibFP5VL2,GoonFi,0.459,1
E2MPTDnFPNiCRmbJGKYSYew48NWRGVNfHjoiibFP5VL2,ZeroFi,0.279,1
E2MPTDnFPNiCRmbJGKYSYew48NWRGVNfHjoiibFP5VL2,TesseraV,0.153,1
E2MPTDnFPNiCRmbJGKYSYew48NWRGVNfHjoiibFP5VL2,BisonFi,0.144,1
E5UBNwkEH98qzVsxa5GsL29WzyxGmj5fYKRt4wRvXyYp,GoonFi,0.126,1
E5UBNwkEH98qzVsxa5GsL29WzyxGmj5fYKRt4wRvXyYp,HumidiFi,0.117,1
E5UBNwkEH98qzVsxa5GsL29WzyxGmj5fYKRt4wRvXyYp,BisonFi,0.027,1
E5UBNwkEH98qzVsxa5GsL29WzyxGmj5fYKRt4wRvXyYp,SolFiV2,0.018,1
E5UBNwkEH98qzVsxa5GsL29WzyxGmj5fYKRt4wRvXyYp,TesseraV,0.009,1
EFw7G7rKEagCcq3aQ63yb6Zw8AE8qfq1Wwavm2gcF3hv,HumidiFi,0.009,1
EJdrWPg32qHnmc3cwgGRfTrvWpQkDH2vHNGsane6WFGd,HumidiFi,1.143,1
EJdrWPg32qHnmc3cwgGRfTrvWpQkDH2vHNGsane6WFGd,GoonFi,0.432,1
EJdrWPg32qHnmc3cwgGRfTrvWpQkDH2vHNGsane6WFGd,TesseraV,0.27,1
EJdrWPg32qHnmc3cwgGRfTrvWpQkDH2vHNGsane6WFGd,BisonFi,0.144,1
EJdrWPg32qHnmc3cwgGRfTrvWpQkDH2vHNGsane6WFGd,SolFiV2,0.0809999999999999,1
EJdrWPg32qHnmc3cwgGRfTrvWpQkDH2vHNGsane6WFGd,ZeroFi,0.018,1
EQvk37i7dCkXCaCsodruGSJ8H9xJe7jru5T8UianJ4Wa,HumidiFi,0.009,1
EXYq2HaS5nTarjzNHVYfcHbAbbLDJTPYkn1Jb5Q6bGz4,HumidiFi,0.243,1
EXYq2HaS5nTarjzNHVYfcHbAbbLDJTPYkn1Jb5Q6bGz4,GoonFi,0.045,1
EXYq2HaS5nTarjzNHVYfcHbAbbLDJTPYkn1Jb5Q6bGz4,SolFiV2,0.027,1
EXYq2HaS5nTarjzNHVYfcHbAbbLDJTPYkn1Jb5Q6bGz4,BisonFi,0.018,1
EXYq2HaS5nTarjzNHVYfcHbAbbLDJTPYkn1Jb5Q6bGz4,TesseraV,0.009,1
F2ABsg5J6Jp8wtJVd4bUDAPUigKyf9VzNcRyABUAWXZV,HumidiFi,0.009,1
F2ABsg5J6Jp8wtJVd4bUDAPUigKyf9VzNcRyABUAWXZV,SolFiV2,0.009,1
F7eGhuoAgn2MJuRs5hn8vxadBnoZidaXyNF51j4DDCSH,BisonFi,0.018,1
F7eGhuoAgn2MJuRs5hn8vxadBnoZidaXyNF51j4DDCSH,HumidiFi,0.018,1
F7p3dFrjRTbtRp8FRF6qHLomXbKRBzpvBLjtQcfcgmNe,HumidiFi,0.279,1
F7p3dFrjRTbtRp8FRF6qHLomXbKRBzpvBLjtQcfcgmNe,GoonFi,0.036,1
F7p3dFrjRTbtRp8FRF6qHLomXbKRBzpvBLjtQcfcgmNe,SolFiV2,0.036,1
F7p3dFrjRTbtRp8FRF6qHLomXbKRBzpvBLjtQcfcgmNe,TesseraV,0.027,1
F7p3dFrjRTbtRp8FRF6qHLomXbKRBzpvBLjtQcfcgmNe,BisonFi,0.009,1
FATEorZGqsxg11TmJVRdX5WZ12bQpdS2Va9L7iHWzcHr,HumidiFi,0.342,1
FATEorZGqsxg11TmJVRdX5WZ12bQpdS2Va9L7iHWzcHr,BisonFi,0.027,1
FATEorZGqsxg11TmJVRdX5WZ12bQpdS2Va9L7iHWzcHr,GoonFi,0.018,1
FATEorZGqsxg11TmJVRdX5WZ12bQpdS2Va9L7iHWzcHr,ZeroFi,0.009,1
FAzY5522HMCBk8hAwwPmDebLJphMETRwiQq2rXC2dtQw,SolFiV2,0.369,1
FAzY5522HMCBk8hAwwPmDebLJphMETRwiQq2rXC2dtQw,HumidiFi,0.252,1
FAzY5522HMCBk8hAwwPmDebLJphMETRwiQq2rXC2dtQw,ZeroFi,0.171,1
FAzY5522HMCBk8hAwwPmDebLJphMETRwiQq2rXC2dtQw,GoonFi,0.135,1
FAzY5522HMCBk8hAwwPmDebLJphMETRwiQq2rXC2dtQw,BisonFi,0.054,1
FAzY5522HMCBk8hAwwPmDebLJphMETRwiQq2rXC2dtQw,TesseraV,0.036,1
FbgR9632h4rvPciZzCHRGNrEaQM9bC2cGgAikJ8HUfS1,GoonFi,0.6479999999999999,1
FbgR9632h4rvPciZzCHRGNrEaQM9bC2cGgAikJ8HUfS1,HumidiFi,0.6479999999999999,1
FbgR9632h4rvPciZzCHRGNrEaQM9bC2cGgAikJ8HUfS1,SolFiV2,0.6300000000000001,1
FbgR9632h4rvPciZzCHRGNrEaQM9bC2cGgAikJ8HUfS1,BisonFi,0.108,1
FbgR9632h4rvPciZzCHRGNrEaQM9bC2cGgAikJ8HUfS1,TesseraV,0.108,1
FbgR9632h4rvPciZzCHRGNrEaQM9bC2cGgAikJ8HUfS1,ZeroFi,0.045,1
G5HwqJo7yCKc1FDUFYKKS4X6fDohrXbvgq2tzX8do1Kz,HumidiFi,0.117,1
GBU3X8mgT7dVQ1XxEQxdUMuEJDzTL88bCZgDB8qQvq34,HumidiFi,0.216,1
GBU3X8mgT7dVQ1XxEQxdUMuEJDzTL88bCZgDB8qQvq34,TesseraV,0.108,1
GBU3X8mgT7dVQ1XxEQxdUMuEJDzTL88bCZgDB8qQvq34,BisonFi,0.009,1
GBU3X8mgT7dVQ1XxEQxdUMuEJDzTL88bCZgDB8qQvq34,GoonFi,0.009,1
GBU3X8mgT7dVQ1XxEQxdUMuEJDzTL88bCZgDB8qQvq34,SolFiV2,0.009,1
GJvewfRjqTUPtx6WsBSUnaFbdgXwgXnWfpDyLm65T4YA,TesseraV,0.198,1
GJvewfRjqTUPtx6WsBSUnaFbdgXwgXnWfpDyLm65T4YA,BisonFi,0.072,1
GJvewfRjqTUPtx6WsBSUnaFbdgXwgXnWfpDyLm65T4YA,HumidiFi,0.072,1
GJvewfRjqTUPtx6WsBSUnaFbdgXwgXnWfpDyLm65T4YA,SolFiV2,0.018,1
GTR1mWsjtaqb6ukHFizKt46nJUCV4qbkGze5NEMrSTiT,HumidiFi,0.036,1
GTR1mWsjtaqb6ukHFizKt46nJUCV4qbkGze5NEMrSTiT,TesseraV,0.027,1
GTR1mWsjtaqb6ukHFizKt46nJUCV4qbkGze5NEMrSTiT,BisonFi,0.018,1
GTR1mWsjtaqb6ukHFizKt46nJUCV4qbkGze5NEMrSTiT,GoonFi,0.009,1
GVEzzj9ffwFtQSvuzrKcduPhBuHkWiEytMye94HjfjBq,BisonFi,0.009,1
GVEzzj9ffwFtQSvuzrKcduPhBuHkWiEytMye94HjfjBq,HumidiFi,0.009,1
GVEzzj9ffwFtQSvuzrKcduPhBuHkWiEytMye94HjfjBq,TesseraV,0.009,1
GVYEvQGTjRkJh24xuSAud1jCLLGNQMFB8Rzb5hJMcyhd,HumidiFi,0.063,1
GnWFhrfgciKVoqgAqarwWEQ79NuD2LnRd9EEYaB1kUoc,GoonFi,0.009,1
GnWFhrfgciKVoqgAqarwWEQ79NuD2LnRd9EEYaB1kUoc,HumidiFi,0.009,1
GraZ9wjJVEGMQsyz3BwkkRdkJFmDrZw6Bnj3yzciwFEC,SolFiV2,0.459,1
GraZ9wjJVEGMQsyz3BwkkRdkJFmDrZw6Bnj3yzciwFEC,HumidiFi,0.243,1
GraZ9wjJVEGMQsyz3BwkkRdkJFmDrZw6Bnj3yzciwFEC,GoonFi,0.207,1
GraZ9wjJVEGMQsyz3BwkkRdkJFmDrZw6Bnj3yzciwFEC,ZeroFi,0.135,1
GraZ9wjJVEGMQsyz3BwkkRdkJFmDrZw6Bnj3yzciwFEC,BisonFi,0.063,1
GraZ9wjJVEGMQsyz3BwkkRdkJFmDrZw6Bnj3yzciwFEC,TesseraV,0.018,1
HQbxGn3JsT7n6bicnhtucaGqeGjs7DWfrxVxdT1KmmuQ,HumidiFi,0.009,1
HioXnHcD9drMeQxiMsZzKHWwrYTQEsZ78NfN2MtZhvXp,GoonFi,0.009,1
HkAop6zTAB933j7nhhUSGwLL5eKZyQizcZsgiL1MjMq1,HumidiFi,0.018,1
HkY8UaajuRDLJVDUA292FZGRBZKxf9CzYrUZLH2WrY1Q,HumidiFi,0.045,1
HkY8UaajuRDLJVDUA292FZGRBZKxf9CzYrUZLH2WrY1Q,BisonFi,0.036,1
HkY8UaajuRDLJVDUA292FZGRBZKxf9CzYrUZLH2WrY1Q,TesseraV,0.018,1
Hr1oNgqznfMSx3KDdnsSJWU6LemHZqMZ1r4i81hyLYDN,HumidiFi,0.216,1
Hr1oNgqznfMSx3KDdnsSJWU6LemHZqMZ1r4i81hyLYDN,TesseraV,0.054,1
Hr1oNgqznfMSx3KDdnsSJWU6LemHZqMZ1r4i81hyLYDN,BisonFi,0.045,1
Hr1oNgqznfMSx3KDdnsSJWU6LemHZqMZ1r4i81hyLYDN,GoonFi,0.018,1
Hr1oNgqznfMSx3KDdnsSJWU6LemHZqMZ1r4i81hyLYDN,SolFiV2,0.009,1
HxjwdF326ZunmUwC1iXhfgL3ku78YsksN6n7Rfxzwr6b,HumidiFi,0.009,1
HydraXoSz7oE3774DoWQQaofKb31Kbn2cbcqG4ShKy85,HumidiFi,0.099,1
HydraXoSz7oE3774DoWQQaofKb31Kbn2cbcqG4ShKy85,TesseraV,0.072,1
HydraXoSz7oE3774DoWQQaofKb31Kbn2cbcqG4ShKy85,BisonFi,0.018,1
HydraXoSz7oE3774DoWQQaofKb31Kbn2cbcqG4ShKy85,GoonFi,0.009,1
J1CMrMaFHJmG97R7xJYrJxRA3MNt7VyHe8CAEUnsQzre,HumidiFi,1.107,1
J1CMrMaFHJmG97R7xJYrJxRA3MNt7VyHe8CAEUnsQzre,GoonFi,0.378,1
J1CMrMaFHJmG97R7xJYrJxRA3MNt7VyHe8CAEUnsQzre,SolFiV2,0.18,1
J1CMrMaFHJmG97R7xJYrJxRA3MNt7VyHe8CAEUnsQzre,BisonFi,0.153,1
J1CMrMaFHJmG97R7xJYrJxRA3MNt7VyHe8CAEUnsQzre,ZeroFi,0.108,1
J1CMrMaFHJmG97R7xJYrJxRA3MNt7VyHe8CAEUnsQzre,TesseraV,0.0809999999999999,1
J8hVkBNKobntWqLspa3yhXEkvb8vZ9S9NiHgirN9yvV3,HumidiFi,1.116,1
J8hVkBNKobntWqLspa3yhXEkvb8vZ9S9NiHgirN9yvV3,TesseraV,0.54,1
J8hVkBNKobntWqLspa3yhXEkvb8vZ9S9NiHgirN9yvV3,BisonFi,0.3239999999999999,1
J8hVkBNKobntWqLspa3yhXEkvb8vZ9S9NiHgirN9yvV3,GoonFi,0.0809999999999999,1
J8hVkBNKobntWqLspa3yhXEkvb8vZ9S9NiHgirN9yvV3,SolFiV2,0.063,1
J8hVkBNKobntWqLspa3yhXEkvb8vZ9S9NiHgirN9yvV3,ZeroFi,0.018,1
JD38n7ynKYcgPpF7k1BhXEeREu1KqptU93fVGy3S624k,HumidiFi,0.027,1
JD38n7ynKYcgPpF7k1BhXEeREu1KqptU93fVGy3S624k,TesseraV,0.018,1
JD38n7ynKYcgPpF7k1BhXEeREu1KqptU93fVGy3S624k,SolFiV2,0.009,1
KKKzQmS38mSxHu7AaasGghGgVqoEt2DS8M5AcBMVK3j,HumidiFi,0.009,1
NcLasxSu3sq921FhBniNniiQVzjSVcQk56nB26WTqG7,HumidiFi,0.054,1
NcLasxSu3sq921FhBniNniiQVzjSVcQk56nB26WTqG7,GoonFi,0.045,1
NcLasxSu3sq921FhBniNniiQVzjSVcQk56nB26WTqG7,BisonFi,0.036,1
NcLasxSu3sq921FhBniNniiQVzjSVcQk56nB26WTqG7,SolFiV2,0.027,1
NcLasxSu3sq921FhBniNniiQVzjSVcQk56nB26WTqG7,TesseraV,0.009,1
PZnEAXQs8JHjLuGPywZYAzSUqgfs5LjLmV6uh6eByWY,HumidiFi,0.171,1
PZnEAXQs8JHjLuGPywZYAzSUqgfs5LjLmV6uh6eByWY,BisonFi,0.018,1
SHARKRdGLNYRZrhotqvZi3XAtT62CRGCFxmg5LJgSHC,TesseraV,0.045,1
SHARKRdGLNYRZrhotqvZi3XAtT62CRGCFxmg5LJgSHC,HumidiFi,0.036,1
TAPNDP5dFr9Vp47DFuddRxNVYmjUqgh8boiUrWFgMqi,GoonFi,0.8460000000000001,1
TAPNDP5dFr9Vp47DFuddRxNVYmjUqgh8boiUrWFgMqi,HumidiFi,0.774,1
TAPNDP5dFr9Vp47DFuddRxNVYmjUqgh8boiUrWFgMqi,BisonFi,0.1619999999999999,1
TAPNDP5dFr9Vp47DFuddRxNVYmjUqgh8boiUrWFgMqi,SolFiV2,0.099,1
TAPNDP5dFr9Vp47DFuddRxNVYmjUqgh8boiUrWFgMqi,TesseraV,0.0809999999999999,1
TAPNDP5dFr9Vp47DFuddRxNVYmjUqgh8boiUrWFgMqi,ZeroFi,0.018,1
V9MELpz59x9WfUG79KCWeMGL1YV2dAVpmKYAWmNUL3R,HumidiFi,0.207,1
V9MELpz59x9WfUG79KCWeMGL1YV2dAVpmKYAWmNUL3R,ZeroFi,0.099,1
V9MELpz59x9WfUG79KCWeMGL1YV2dAVpmKYAWmNUL3R,SolFiV2,0.036,1
V9MELpz59x9WfUG79KCWeMGL1YV2dAVpmKYAWmNUL3R,GoonFi,0.027,1
V9MELpz59x9WfUG79KCWeMGL1YV2dAVpmKYAWmNUL3R,TesseraV,0.027,1
V9MELpz59x9WfUG79KCWeMGL1YV2dAVpmKYAWmNUL3R,BisonFi,0.018,1
XndwnW9XivrgwhuccqVY73FBfCtMfN5F8XB61bFJk5s,HumidiFi,0.054,1
XndwnW9XivrgwhuccqVY73FBfCtMfN5F8XB61bFJk5s,TesseraV,0.027,1
YubFizptp3MXUAtZmqkRS9DyCkMeZaVwiaRCGBTxayo,HumidiFi,0.009,1
YubQzu18FDqJRyNfG8JqHmsdbxhnoQqcKUHBdUkN6tP,HumidiFi,13.716,1
YubQzu18FDqJRyNfG8JqHmsdbxhnoQqcKUHBdUkN6tP,BisonFi,2.079,1
YubQzu18FDqJRyNfG8JqHmsdbxhnoQqcKUHBdUkN6tP,TesseraV,0.351,1
YubQzu18FDqJRyNfG8JqHmsdbxhnoQqcKUHBdUkN6tP,GoonFi,0.3239999999999999,1
YubQzu18FDqJRyNfG8JqHmsdbxhnoQqcKUHBdUkN6tP,SolFiV2,0.171,1
YubQzu18FDqJRyNfG8JqHmsdbxhnoQqcKUHBdUkN6tP,ZeroFi,0.09,1
YubVwWeg1vHFr17Q7HQQETcke7sFvMabqU8wbv8NXQW,HumidiFi,4.86,1
YubVwWeg1vHFr17Q7HQQETcke7sFvMabqU8wbv8NXQW,GoonFi,0.144,1
YubVwWeg1vHFr17Q7HQQETcke7sFvMabqU8wbv8NXQW,BisonFi,0.108,1
YubVwWeg1vHFr17Q7HQQETcke7sFvMabqU8wbv8NXQW,SolFiV2,0.09,1
YubVwWeg1vHFr17Q7HQQETcke7sFvMabqU8wbv8NXQW,TesseraV,0.0809999999999999,1
YubVwWeg1vHFr17Q7HQQETcke7sFvMabqU8wbv8NXQW,ZeroFi,0.054,1
YubozzSnKomEnH3pkmYsdatUUwUTcm7s4mHJVmefEWj,HumidiFi,2.9160000000000004,1
YubozzSnKomEnH3pkmYsdatUUwUTcm7s4mHJVmefEWj,GoonFi,0.063,1
YubozzSnKomEnH3pkmYsdatUUwUTcm7s4mHJVmefEWj,TesseraV,0.045,1
YubozzSnKomEnH3pkmYsdatUUwUTcm7s4mHJVmefEWj,BisonFi,0.018,1
YubozzSnKomEnH3pkmYsdatUUwUTcm7s4mHJVmefEWj,SolFiV2,0.018,1
YubozzSnKomEnH3pkmYsdatUUwUTcm7s4mHJVmefEWj,ZeroFi,0.009,1
a23gHknrH37ZsaoYWUYf44d6rYbsVH1Ny3YubpNQTpx,HumidiFi,0.009,1
avg1twbiWyaGiaw8o7gF9uYho5CvBRSwt6xJZuEZuME,HumidiFi,0.027,1
b23Ke4utbwr1WcY8onbybJbNQghkNs7RrEC9f69VbJW,HumidiFi,0.09,1
b23Ke4utbwr1WcY8onbybJbNQghkNs7RrEC9f69VbJW,GoonFi,0.063,1
b23Ke4utbwr1WcY8onbybJbNQghkNs7RrEC9f69VbJW,BisonFi,0.054,1
b23Ke4utbwr1WcY8onbybJbNQghkNs7RrEC9f69VbJW,SolFiV2,0.027,1
datouWbnKthiYdWN3K2kypTs5YoykXSekSQVmDPoeo6,HumidiFi,0.639,1
datouWbnKthiYdWN3K2kypTs5YoykXSekSQVmDPoeo6,TesseraV,0.18,1
datouWbnKthiYdWN3K2kypTs5YoykXSekSQVmDPoeo6,BisonFi,0.027,1
datouWbnKthiYdWN3K2kypTs5YoykXSekSQVmDPoeo6,GoonFi,0.027,1
datouWbnKthiYdWN3K2kypTs5YoykXSekSQVmDPoeo6,SolFiV2,0.027,1
enzog436vHy38bMhNR9XDENrvhxPK7y8wBQri852rhG,HumidiFi,2.61,1
enzog436vHy38bMhNR9XDENrvhxPK7y8wBQri852rhG,BisonFi,0.288,1
enzog436vHy38bMhNR9XDENrvhxPK7y8wBQri852rhG,GoonFi,0.063,1
enzog436vHy38bMhNR9XDENrvhxPK7y8wBQri852rhG,SolFiV2,0.036,1
enzog436vHy38bMhNR9XDENrvhxPK7y8wBQri852rhG,TesseraV,0.027,1
foxMFk9faHggM4HWQWETCPSDvMbWx8LSv4c9CrkmBx6,HumidiFi,1.908,1
foxMFk9faHggM4HWQWETCPSDvMbWx8LSv4c9CrkmBx6,BisonFi,0.495,1
foxMFk9faHggM4HWQWETCPSDvMbWx8LSv4c9CrkmBx6,GoonFi,0.018,1
foxMFk9faHggM4HWQWETCPSDvMbWx8LSv4c9CrkmBx6,SolFiV2,0.009,1
foxMFk9faHggM4HWQWETCPSDvMbWx8LSv4c9CrkmBx6,TesseraV,0.009,1
foxMFk9faHggM4HWQWETCPSDvMbWx8LSv4c9CrkmBx6,ZeroFi,0.009,1
gasTzr94Pmp4Gf8vknQnqxeYxdgwFjbgdJa4msYRpnB,HumidiFi,0.054,1
gasTzr94Pmp4Gf8vknQnqxeYxdgwFjbgdJa4msYRpnB,TesseraV,0.018,1
gasTzr94Pmp4Gf8vknQnqxeYxdgwFjbgdJa4msYRpnB,GoonFi,0.009,1
gasTzr94Pmp4Gf8vknQnqxeYxdgwFjbgdJa4msYRpnB,ZeroFi,0.009,1
ggEzRKFZz4V7wU6mizcUrMqHNB5ptQsLT7sxRkyoe4e,HumidiFi,0.126,1
ggEzRKFZz4V7wU6mizcUrMqHNB5ptQsLT7sxRkyoe4e,BisonFi,0.054,1
ggEzRKFZz4V7wU6mizcUrMqHNB5ptQsLT7sxRkyoe4e,SolFiV2,0.018,1
ggEzRKFZz4V7wU6mizcUrMqHNB5ptQsLT7sxRkyoe4e,TesseraV,0.009,1
gtagyESa99t49VmUqnnfsuowYnigSNKuYXdXWyXWNdd,BisonFi,0.009,1
gtagyESa99t49VmUqnnfsuowYnigSNKuYXdXWyXWNdd,HumidiFi,0.009,1
han5oo9sy98473nuWU7PwkdgpJVFvQEQ14S5CCdbeYQ,HumidiFi,2.3040000000000003,1
han5oo9sy98473nuWU7PwkdgpJVFvQEQ14S5CCdbeYQ,BisonFi,0.315,1
han5oo9sy98473nuWU7PwkdgpJVFvQEQ14S5CCdbeYQ,GoonFi,0.018,1
han5oo9sy98473nuWU7PwkdgpJVFvQEQ14S5CCdbeYQ,SolFiV2,0.009,1
han5oo9sy98473nuWU7PwkdgpJVFvQEQ14S5CCdbeYQ,TesseraV,0.009,1
j1oeQoPeuEDmjvyMwBmCWexzCQup77kbKKxV59CnYbd,HumidiFi,0.0809999999999999,1
j1oeQoPeuEDmjvyMwBmCWexzCQup77kbKKxV59CnYbd,SolFiV2,0.027,1
j1oeQoPeuEDmjvyMwBmCWexzCQup77kbKKxV59CnYbd,BisonFi,0.009,1
j1oeQoPeuEDmjvyMwBmCWexzCQup77kbKKxV59CnYbd,GoonFi,0.009,1
j1oeQoPeuEDmjvyMwBmCWexzCQup77kbKKxV59CnYbd,TesseraV,0.009,1
jMjhRzuVvkeKxDQDoLJJgcgc3brmBRPzizgJxZANAUU,HumidiFi,0.18,1
jMjhRzuVvkeKxDQDoLJJgcgc3brmBRPzizgJxZANAUU,GoonFi,0.117,1
jMjhRzuVvkeKxDQDoLJJgcgc3brmBRPzizgJxZANAUU,BisonFi,0.036,1
jMjhRzuVvkeKxDQDoLJJgcgc3brmBRPzizgJxZANAUU,TesseraV,0.018,1
k1bWgJv1fdVMCqgDM2jkEfhEzKW7XgGpj8vGGKjgSnJ,HumidiFi,0.333,1
k1bWgJv1fdVMCqgDM2jkEfhEzKW7XgGpj8vGGKjgSnJ,BisonFi,0.09,1
k2btrGEvdgv7UmgVbD7Phci9EGWCo9QPU6T7yga9xs9,TesseraV,0.153,1
k2btrGEvdgv7UmgVbD7Phci9EGWCo9QPU6T7yga9xs9,BisonFi,0.09,1
k2btrGEvdgv7UmgVbD7Phci9EGWCo9QPU6T7yga9xs9,HumidiFi,0.063,1
k2btrGEvdgv7UmgVbD7Phci9EGWCo9QPU6T7yga9xs9,GoonFi,0.045,1
k2btrGEvdgv7UmgVbD7Phci9EGWCo9QPU6T7yga9xs9,SolFiV2,0.018,1
k3bS5WfZ5P2NTgkVSwdbVrveYc25iXiEHYfZfVruBGq,TesseraV,1.602,1
k3bS5WfZ5P2NTgkVSwdbVrveYc25iXiEHYfZfVruBGq,HumidiFi,1.0619999999999998,1
k3bS5WfZ5P2NTgkVSwdbVrveYc25iXiEHYfZfVruBGq,ZeroFi,0.072,1
k3bS5WfZ5P2NTgkVSwdbVrveYc25iXiEHYfZfVruBGq,GoonFi,0.045,1
k3bS5WfZ5P2NTgkVSwdbVrveYc25iXiEHYfZfVruBGq,BisonFi,0.036,1
k3bS5WfZ5P2NTgkVSwdbVrveYc25iXiEHYfZfVruBGq,SolFiV2,0.027,1
moat5sFf2DwfL53x8WP8vZCMf5jP6W9k37G9Ex32nXH,HumidiFi,0.009,1
o721S2ZPSjJTEC9B5HgXdqZFPVq1avjKzRfZpTKjV9g,HumidiFi,0.252,1
o721S2ZPSjJTEC9B5HgXdqZFPVq1avjKzRfZpTKjV9g,SolFiV2,0.18,1
o721S2ZPSjJTEC9B5HgXdqZFPVq1avjKzRfZpTKjV9g,ZeroFi,0.126,1
o721S2ZPSjJTEC9B5HgXdqZFPVq1avjKzRfZpTKjV9g,GoonFi,0.045,1
o721S2ZPSjJTEC9B5HgXdqZFPVq1avjKzRfZpTKjV9g,BisonFi,0.036,1
o721S2ZPSjJTEC9B5HgXdqZFPVq1avjKzRfZpTKjV9g,TesseraV,0.018,1
rvj7Dc3xGh1eVFw9UTRpkxks9cdYyJd4MQk4Bk9zA9b,HumidiFi,0.072,1
rvj7Dc3xGh1eVFw9UTRpkxks9cdYyJd4MQk4Bk9zA9b,BisonFi,0.036,1
rvj7Dc3xGh1eVFw9UTRpkxks9cdYyJd4MQk4Bk9zA9b,TesseraV,0.027,1
rvj7Dc3xGh1eVFw9UTRpkxks9cdYyJd4MQk4Bk9zA9b,GoonFi,0.009,1
rvj7Dc3xGh1eVFw9UTRpkxks9cdYyJd4MQk4Bk9zA9b,SolFiV2,0.009,1
theo9SfM3dKgKFbq4kFVmEXwSQ1pdr61wDqEWXKJpYs,HumidiFi,1.206,1
theo9SfM3dKgKFbq4kFVmEXwSQ1pdr61wDqEWXKJpYs,BisonFi,0.153,1
theo9SfM3dKgKFbq4kFVmEXwSQ1pdr61wDqEWXKJpYs,GoonFi,0.009,1
theo9SfM3dKgKFbq4kFVmEXwSQ1pdr61wDqEWXKJpYs,SolFiV2,0.009,1
theo9SfM3dKgKFbq4kFVmEXwSQ1pdr61wDqEWXKJpYs,TesseraV,0.009,1
xUwUxxg5eLEVfowp1ki2we8JWJjukkriVLY39c55nqa,HumidiFi,0.09,1
xUwUxxg5eLEVfowp1ki2we8JWJjukkriVLY39c55nqa,BisonFi,0.036,1
xUwUxxg5eLEVfowp1ki2we8JWJjukkriVLY39c55nqa,GoonFi,0.018,1
y23RmrqysEDtAL2MaN81vSoTQu7kCGLE2sCz9XaZBup,HumidiFi,0.225,1
y23RmrqysEDtAL2MaN81vSoTQu7kCGLE2sCz9XaZBup,GoonFi,0.153,1
y23RmrqysEDtAL2MaN81vSoTQu7kCGLE2sCz9XaZBup,BisonFi,0.036,1
y23RmrqysEDtAL2MaN81vSoTQu7kCGLE2sCz9XaZBup,SolFiV2,0.018,1
y23RmrqysEDtAL2MaN81vSoTQu7kCGLE2sCz9XaZBup,TesseraV,0.009,1
yUwUyoufLrCmjcgURefVzvAfpcaZ2so6be4uDziT9aH,HumidiFi,0.099,1
yUwUyoufLrCmjcgURefVzvAfpcaZ2so6be4uDziT9aH,BisonFi,0.063,1
yUwUyoufLrCmjcgURefVzvAfpcaZ2so6be4uDziT9aH,SolFiV2,0.027,1
yUwUyoufLrCmjcgURefVzvAfpcaZ2so6be4uDziT9aH,ZeroFi,0.009,1
