pool,validator,attacker_count,total_profit,net_profit,fat_sandwiches
BisonFi,CiR8HNCfkjtcongPmP2DRdZPnFgjSbN5gsXdjmsXXHcB,2,2.43,2.1870000000000003,481
BisonFi,HEL1USMZKAL2odpNBj2oCjffnFGaYwmbGmyewGv1e2TU,17,1.22,1.0979999999999999,252
BisonFi,9n1eEtJJfj1535NYfx524QcCG5aHbf5DH7ejqBrFLBwG,2,1.09,0.9810000000000001,218
BisonFi,5pPRHniefFjkiaArbGX3Y8NUysJmQ9tMZg3FrFGwHzSm,5,1.03,0.927,206
BisonFi,DtdSSG8ZJRZVv5Jx7K1MeWp7Zxcu19GD5wQRGRpQ9uMF,6,0.7200000000000001,0.648,148
BisonFi,Fd7btgySsrjuo25CJCj7oE7VPMyezDhnx7pZkj2v69Nk,9,0.64,0.576,135
BisonFi,ABC1U4cf9DZMwqy8ktEr4WJj8VHmVBQibbC57gEJthwY,3,0.63,0.567,127
BisonFi,Hz5aLvpKScNWoe9YZWxBLrQA3qzHJivBGtfciMekk8m5,4,0.62,0.5579999999999999,125
BisonFi,EvnRmnMrd69kFdbLMxWkTn1icZ7DCceRhvmb2SJXqDo4,3,0.5,0.45,100
BisonFi,CAo1dCGYrB6NhHh5xb1cGjUiu86iyCfMTENxgHumSve4,3,0.43,0.387,88
BisonFi,Bs19Z9SokV1s46jutN9tqqaCgYf1GsVyyytVfkzwn9qK,1,0.36,0.3239999999999999,73
BisonFi,JupmVLmA8RoyTUbTMMuTtoPWHEiNQobxgTeGTrPNkzT,2,0.27,0.243,56
BisonFi,9jxgosAfHgHzwnxsHw4RAZYaLVokMbnYtmiZBreynGFP,7,0.24,0.216,53
BisonFi,9rkJMARqK6VBkcxGfKBAwnA44gPAfGxPbPsfsggFNDSQ,2,0.22000000000000003,0.198,46
BisonFi,DrifTrN923QaouP89UxkQzFGbumKPCnfkNYQRwmZxatz,1,0.21,0.189,40
BisonFi,BtsmiEEvnSuUnKxqXj2PZRYpPJAc7C34mGz8gtJ1DAaH,5,0.2,0.18,43
BisonFi,2gDeeRa3mwPPtw1CMWPkEhRWo9v5izNBBfEXanr8uibX,2,0.18000000000000002,0.162,32
BisonFi,ArMBx6veRq33ffEP9sxHafiPRgrtzww4XvbwZbSMfXiM,2,0.13999999999999999,0.126,28
BisonFi,CPcDFHCAKkr5Kp9T5aQWJhXV5J6iFj141NMQ87L6poPL,1,0.12,0.108,24
BisonFi,8tjFeSApQ85ThoQXT28acfF2KUfQr3TvTdirSkzNnYC7,1,0.11,0.099,20
BisonFi,Awes4Tr6TX8JDzEhCZY2QVNimT6iD1zWHzf1vNyGvpLM,4,0.1,0.09,21
BisonFi,CMPSSdrTnRQBiBGTyFpdCc3VMNuLWYWaSkE8Zh5z6gbd,3,0.1,0.09,22
BisonFi,5ZqveVffQPiUbkjBg4KD9kib1MKHLqiFno4ke9jSq9qk,6,0.07,0.063,19
BisonFi,Aw5wEMXhbygFLR7jHtHpih8QvxVBGAMTqsQ2SjWPk1ex,5,0.06,0.05399999999999999,17
BisonFi,krakeNd6ednDPEXxHAmoBs1qKVM8kLg79PvWF2mhXV1,2,0.06,0.05399999999999999,13
BisonFi,Sh1ro1CaaVjNuihgNK6kay7jwcWzSqD2fdix6RNPaSh,1,0.05,0.045,10
BisonFi,bxrAptB5ZpZBhoLedJpoGWY5hBjjt3zvVBr2323Rrq6,2,0.05,0.045,12
BisonFi,5TGfVQV1S3wHE9hkgGaQkRoPC7xZxiqwMcjQZxVYsf1j,2,0.04,0.036,6
BisonFi,6yFGGAgYpBxgYPuHW4rv7hJmhKrUiXKyHkpVGaYtKrwE,2,0.04,0.036,9
BisonFi,A1vqhA2fS6K7CvHsJKX1ACcHJFEmyRg4KuR5pctHANy4,2,0.04,0.036,9
BisonFi,fishfishrD9BwrQQiAcG6YeYZVUYVJf3tb9QGQPMJqF,1,0.04,0.036,9
BisonFi,parafiUS6h6oLhCFwhjvEmQJKw8pF1iXsxMJdTq46dS,1,0.04,0.036,8
BisonFi,22rU5yUmdVThrkoPieVNphqEyAtMQKmZxjwcD8v4bJDU,3,0.03,0.027,9
BisonFi,7QQGNm3ptwinipDCyaCF7jY5katgmFUu1ieP2f7nwLpE,1,0.03,0.027,7
BisonFi,Diman2GphWLwECE3swjrAEAJniezpYLxK1edUydiDZau,1,0.03,0.027,7
BisonFi,FSVdqBzx5D4UsqBLnvmH5dFx2dCm1pTPAbQWJ1PYzTJ2,1,0.03,0.027,6
BisonFi,KoLibrJsbABbtmtFPc7nPvDxT81rc4UPM7mY9xSLjpo,1,0.03,0.027,6
BisonFi,9W3QTgBhkU4Bwg6cwnDJo6eGZ9BtZafSdu1Lo9JmWws7,2,0.03,0.026999999999999996,8
BisonFi,2Wf9V9rPeVRUTfmWdPedCJuWVr6MFfyLuigEq42DuMDc,1,0.02,0.018,5
BisonFi,5fSQdv4zsAJNx6RKpGho6sL6rY6a8nziaqcmwaRJB9NE,1,0.02,0.018,5
BisonFi,CEL22Qx7p85qY6gmhCZaYJrrnynJitkVRMQo6qZdT8Ns,1,0.02,0.018,4
BisonFi,ChorusmmK7i1AxXeiTtQgQZhQNiXYU84ULeaYF1EH15n,3,0.02,0.018,5
BisonFi,DZVqmD4QqSWM2gUyEXdQhvt4u3NZtCRxdsn2n2nNiBRL,1,0.02,0.018,3
BisonFi,E1r4Psq84tHfQ6aPTvvDka4U3u8zPVD7gEUrH25RdxHL,1,0.02,0.018,4
BisonFi,G9vCpJUUSpEm4zPwzSNpDmZ8MGwLEbiSLV59EBzCGvzM,1,0.02,0.018,5
BisonFi,3DaPk6TdeGnEBwTR8fEyZSLkdayk6vZXrqGZhAgYK8BV,1,0.01,0.009,2
BisonFi,4SsMncJdtKiUcDtukkX15mqei7WiuQ9yvRtQrQW4reWC,1,0.01,0.009,3
BisonFi,BeaCHioStqCEFDFxKwAEzyrUPYxqnBPhJ98gDKeEiTPb,1,0.01,0.009,3
BisonFi,BkoS26vBuaXnSowACdChi4WKid8UwmuPNhEJWa8KsLHd,1,0.01,0.009,2
BisonFi,CoG8d9Fp2TFJRkAmrPMiPsGhQWHzdTTVoegEp9svRgmJ,1,0.01,0.009,3
BisonFi,DNVZMSqeRH18Xa4MCTrb1MndNf3Npg4MEwqswo23eWkf,1,0.01,0.009,2
BisonFi,HnfPZDrbJFooiP9vvgWrjx3baXVNAZCgisT58gyMCgML,1,0.01,0.009,2
BisonFi,MagiCBYNPD9iTBXqiFybAFCREQzG6MSM4LmFLXQZxuV,1,0.01,0.009,3
BisonFi,SANDCxXBbQhvbUqNtiLqKdFEY1uQhVo1UgUACaS4mXU,1,0.01,0.009,2
BisonFi,SSmBEooM7RkmyuXxuKgAhTvhQZ36Z3G2WsmLGJKoQLY,1,0.01,0.009,3
BisonFi,shftkxnsXmqAkmLgz9Mn7bNB5Fr6mKgFc58kFHfVikj,1,0.01,0.009,2
BisonFi,2m1A2WM1vte7RWz5xTTw4i1SiXmngVtXhqFERaUjoAAb,1,0.0,0.0,1
BisonFi,3V2xaccDpFib4DbTksdiveNDmiwpXBqSWyjSof3w1Bg7,1,0.0,0.0,1
BisonFi,4vdWYn2KbmQ3Dns5wVBfz4CFQDds4b7CpsC8MHBhHAib,4,0.0,0.0,4
BisonFi,57i31UEyDg4koaZMZ1wAHbYuezXv3AVaHtvJgJarxt3f,1,0.0,0.0,1
BisonFi,58KprHKFNHgH1Cvo4QwxWkDeJNaSQVteCoAAFUWjtESn,1,0.0,0.0,1
BisonFi,6M53yM6dsE6hiaHgxWvYa4fsfzQTGyAZn7rM6JrzbqJV,1,0.0,0.0,1
BisonFi,6xWLi1TDSh65fWsSqE1zdvANTSuVDRMx4ghsGJwgunS8,1,0.0,0.0,1
BisonFi,7GkMBmtrTZz8QbjSe1sXvAUtz7Pp42SQxfT5ymmJD4We,3,0.0,0.0,3
BisonFi,7y5VhV4fkz6r4zUmH2UiwPjLwXzPL1PcV28or5NWkWRL,1,0.0,0.0,1
BisonFi,84gC25fbFKYueR9WEfreUysk1n3ZFxLFDDjbyqeqGpoW,1,0.0,0.0,1
BisonFi,8uPW9msN75rfaKiwy8y8NxEX5zSk2WejtVv5YhZr3jCo,1,0.0,0.0,1
BisonFi,9Wmaz9VPpEnH67ZqrvYd9bcH66DtsGaEKcSQE1ac5wkf,1,0.0,0.0,1
BisonFi,9q16BB7WGmBxf1nJTdxH5zPnBUhtHqdqXqRFjSjuM4k7,1,0.0,0.0,1
BisonFi,AmjX7CerZbHrU814UeBp2gJC7gANNG3KrP4c3RyD7TSD,1,0.0,0.0,1
BisonFi,BLUEHGDihXD9CqqC5XFSQzDC3aS5jASohb2BAsXaJokR,1,0.0,0.0,1
BisonFi,BSVckjdW2f8kcXPGcrPPtV9kUDBZ8w8PjrrGVnxgEdwq,1,0.0,0.0,1
BisonFi,CG4tRANBKrzUmpv93V5sgftjQznBdiJsc2yPCzZWWuS9,2,0.0,0.0,2
BisonFi,CLsFr1KZVbAyz16iFpwg2e4hiekR1unpwyxfNdjBMaoE,1,0.0,0.0,1
BisonFi,CW9C7HBwAMgqNdXkNgFg9Ujr3edR2Ab9ymEuQnVacd1A,1,0.0,0.0,1
BisonFi,ETuPS3kRfLufz5VSYN2ZrePoEVSZSpgVPKz3MUZpYe3x,2,0.0,0.0,2
BisonFi,EkvdKhULbMFqjKBKotAzGi3kwMvMpYNDKJXXQQmi6C1f,1,0.0,0.0,1
BisonFi,FBKFWadXZJahGtFitAsBvbqh5968gLY7dMBBJUoUjeNi,1,0.0,0.0,1
BisonFi,FBbqKvwLfKGZrKrfSbPJz4ymQ7zMarhRyZtu1RBkSe89,1,0.0,0.0,1
BisonFi,FNKgX9dYUhYQFRTM9bkeKoRpsyEtZGNMxbdQLDzfqB8a,1,0.0,0.0,1
BisonFi,FUNDTXgtnkfuhK6G6JUi5CzxPWeZNF9n96vFuBNGFy1v,1,0.0,0.0,1
BisonFi,FZ4MT1HYJHd9GK8D5mJ9f3r7irLaDL5NxBNLjGqrLqs9,1,0.0,0.0,1
BisonFi,G2TBEh2ahNGS9tGnuBNyDduNjyfUtGhMcssgRb8b6KfH,1,0.0,0.0,1
BisonFi,G3a3iYZKNLbivothF3twqcaTCEvoPb9uJ2bFc9DNKkBQ,1,0.0,0.0,1
BisonFi,GEM1N1UE3C8BB8EaaEPrcFvT3iLMVrurknjW5AYjUReR,1,0.0,0.0,1
BisonFi,HaLanfo94ezLc3JZ55qqxr7W3qbe1PprJyv2uEtriEqN,1,0.0,0.0,1
BisonFi,Mwz8VgAEnPtfqS62r3ixrFiMJwnNfEwR141CGnsTo5k,1,0.0,0.0,1
BisonFi,SLAY6uN1zZpXBTfbuDDCesNmM5D288xrz8uYvfS3n41,1,0.0,0.0,1
BisonFi,U82KEYMnuCiZSQbvuCJTZ652HX9NQ63uNSnxyucshrk,1,0.0,0.0,1
BisonFi,VQwCCSfW3o5NDx7n5FBr9SoYiLXVgetstHvaWBvv2YH,1,0.0,0.0,1
BisonFi,q9XWcZ7T1wP4bW9SB4XgNNwjnFEJ982nE8aVbbNuwot,2,0.0,0.0,2
BisonFi,yJeahQNRHNWtL9Z1SqPX3SBwTYXr5ECMYYVK4uYVwxt,1,0.0,0.0,1
GoonFi,ChorusmmK7i1AxXeiTtQgQZhQNiXYU84ULeaYF1EH15n,6,1.06,0.9540000000000001,215
GoonFi,BkoS26vBuaXnSowACdChi4WKid8UwmuPNhEJWa8KsLHd,9,0.9299999999999999,0.837,190
GoonFi,GiYSnFRrXrmkJMC54A1j3K4xT6ZMfx1NSThEe5X2WpDe,5,0.78,0.702,157
GoonFi,EUcJwf7jXskRE6NZBtFPVH2EedNvNYko8LL2WT62XctB,1,0.72,0.6479999999999999,125
GoonFi,4SgoyAwN26iu9Gpf12Bk1rnzp4G4yDUM3XVv4w7VQcAf,1,0.48,0.432,87
GoonFi,2gDeeRa3mwPPtw1CMWPkEhRWo9v5izNBBfEXanr8uibX,1,0.36,0.3239999999999999,68
GoonFi,9UM8wQ8F5oMiRcP5YdqD6Lr4krpBWCD8LtgQYoisJd9i,6,0.31,0.27899999999999997,64
GoonFi,9jxgosAfHgHzwnxsHw4RAZYaLVokMbnYtmiZBreynGFP,7,0.25,0.22499999999999998,54
GoonFi,5pPRHniefFjkiaArbGX3Y8NUysJmQ9tMZg3FrFGwHzSm,2,0.25,0.2249999999999999,46
GoonFi,BtsmiEEvnSuUnKxqXj2PZRYpPJAc7C34mGz8gtJ1DAaH,4,0.24000000000000002,0.216,49
GoonFi,43Am3PKFeo9cACpqYL5Sk95rpVdxLw3Mc22PqRqZXEW2,1,0.23,0.207,45
GoonFi,E1r4Psq84tHfQ6aPTvvDka4U3u8zPVD7gEUrH25RdxHL,8,0.22,0.198,50
GoonFi,22rU5yUmdVThrkoPieVNphqEyAtMQKmZxjwcD8v4bJDU,6,0.19,0.17099999999999999,44
GoonFi,DNVZMSqeRH18Xa4MCTrb1MndNf3Npg4MEwqswo23eWkf,10,0.19,0.17099999999999999,47
GoonFi,2m1A2WM1vte7RWz5xTTw4i1SiXmngVtXhqFERaUjoAAb,5,0.17,0.153,37
GoonFi,A1vqhA2fS6K7CvHsJKX1ACcHJFEmyRg4KuR5pctHANy4,3,0.17,0.153,35
GoonFi,FZ4MT1HYJHd9GK8D5mJ9f3r7irLaDL5NxBNLjGqrLqs9,1,0.16,0.144,33
GoonFi,FWwwP9tNttSy9dJFxwf6ebXWfc6VJXqFNMTccrMiLFTH,1,0.15,0.135,28
GoonFi,Hz5aLvpKScNWoe9YZWxBLrQA3qzHJivBGtfciMekk8m5,3,0.15,0.135,30
GoonFi,BCS95L5JHBWHvWkcEJBEF3BH5QHxKcPeaTgoYmHLvfFh,4,0.14,0.126,31
GoonFi,2Le6TjeEescF87qDA8Ftdz6U8Kq6SNVwoLJLhzBCHUr5,1,0.13,0.117,27
GoonFi,GoeW4aFK4dGoekJySgUynWDxBZiQJqm8GDAF4H53tDK9,4,0.13,0.11699999999999999,28
GoonFi,5ZqveVffQPiUbkjBg4KD9kib1MKHLqiFno4ke9jSq9qk,1,0.1,0.09,18
GoonFi,7y5VhV4fkz6r4zUmH2UiwPjLwXzPL1PcV28or5NWkWRL,6,0.1,0.09,26
GoonFi,9W3QTgBhkU4Bwg6cwnDJo6eGZ9BtZafSdu1Lo9JmWws7,1,0.09,0.0809999999999999,19
GoonFi,BSVckjdW2f8kcXPGcrPPtV9kUDBZ8w8PjrrGVnxgEdwq,3,0.07,0.063,16
GoonFi,CG4tRANBKrzUmpv93V5sgftjQznBdiJsc2yPCzZWWuS9,4,0.07,0.063,17
GoonFi,grptonHnt7YSmJokGK9TJJTBXDT8ca4LSWMHCCfzzPa,1,0.07,0.063,15
GoonFi,76rcGHdPvgs8G1XrzCXUTWtwgT59AFDvpB4VbTS2TBBJ,2,0.06,0.054,14
GoonFi,DRpbCBMxVnDK7maPM5tGv6MvB3v1sRMC86PZ8okm21hy,6,0.06,0.054,17
GoonFi,7qGNnXKW1e3DsqEaSxwxMdBTFsrK73XtWTmkGitRyMQc,2,0.05,0.045,11
GoonFi,DTSUkYHd2e9P2HLyZfbLarsbDdPhQUhZnWjRYuJZQRC8,3,0.05,0.045,13
GoonFi,EvnRmnMrd69kFdbLMxWkTn1icZ7DCceRhvmb2SJXqDo4,2,0.05,0.045,10
GoonFi,Fd7btgySsrjuo25CJCj7oE7VPMyezDhnx7pZkj2v69Nk,6,0.05,0.045,14
GoonFi,HEL1USMZKAL2odpNBj2oCjffnFGaYwmbGmyewGv1e2TU,8,0.05,0.045,16
GoonFi,SWiz7QwnYPm61pWWUUkMhj4r5pZLP1SvYibdHcB2cov,1,0.05,0.045,11
GoonFi,3SkE34PVeGck2ArEffFKjihrQgURsvnoTAhitsNXNzXd,3,0.04,0.036,11
GoonFi,q9XWcZ7T1wP4bW9SB4XgNNwjnFEJ982nE8aVbbNuwot,5,0.04,0.036,12
GoonFi,vvvvbtDs9HsdsE6NskZMnb1RA6muoud1ChQuiF9QhSM,1,0.04,0.036,7
GoonFi,2GUnfxZavKoPfS9s3VSEjaWDzB3vNf5RojUhprCS1rSx,3,0.034,0.03,8
GoonFi,8hAYbagNt7CMBooFfqVJhBgLqLffpjXTWJMk8yybjJsN,1,0.03,0.027,6
GoonFi,DtdSSG8ZJRZVv5Jx7K1MeWp7Zxcu19GD5wQRGRpQ9uMF,3,0.03,0.026999999999999996,8
GoonFi,krakeNd6ednDPEXxHAmoBs1qKVM8kLg79PvWF2mhXV1,4,0.024,0.020999999999999998,7
GoonFi,4W3jdXyqhLCjzA3Liu8ZNjViwrc6N9YjSB7obbxfjcKE,1,0.02,0.018,5
GoonFi,7Zm1pE4FubFYZDyAQ5Labh3A4cxDcvve1s3WCRgEAZ84,2,0.02,0.018,4
GoonFi,BUv44cVtsdvU9z2BfFGk6s5JZZWrmVnq5qCaii5ARyyB,2,0.02,0.018,6
GoonFi,HaLanfo94ezLc3JZ55qqxr7W3qbe1PprJyv2uEtriEqN,1,0.02,0.018,5
GoonFi,anza1rXDVhy1NfVNtsbT3kSBh2jgB1BGZUKuUibSAJd,1,0.02,0.018,4
GoonFi,9n1eEtJJfj1535NYfx524QcCG5aHbf5DH7ejqBrFLBwG,4,0.01,0.009,5
GoonFi,CMPSSdrTnRQBiBGTyFpdCc3VMNuLWYWaSkE8Zh5z6gbd,1,0.01,0.009,2
GoonFi,CW9C7HBwAMgqNdXkNgFg9Ujr3edR2Ab9ymEuQnVacd1A,1,0.01,0.009,2
GoonFi,DUND26mEDfFeaPsVof3YvbXDRvpuQX7HMUJrLgEWzYw4,1,0.01,0.009,2
GoonFi,DWvDTSh3qfn88UoQTEKRV2JnLt5jtJAVoiCo3ivtMwXP,2,0.01,0.009,3
GoonFi,EkvdKhULbMFqjKBKotAzGi3kwMvMpYNDKJXXQQmi6C1f,2,0.01,0.009,4
GoonFi,GQzMeEMwAR44ugoNCifTb5NdRKos1GduDUPeNh6AgV46,4,0.01,0.009,5
GoonFi,Ninja1spj6n9t5hVYgF3PdnYz2PLnkt7rvaw3firmjs,1,0.01,0.009,1
GoonFi,PUmpKiNnSVAZ3w4KaFX6jKSjXUNHFShGkXbERo54xjb,2,0.01,0.009,3
GoonFi,uEhHSnCXvWgtgvVaYscPHjG13G3peMmngQQ2ghC54i3,1,0.01,0.009,3
GoonFi,G3a3iYZKNLbivothF3twqcaTCEvoPb9uJ2bFc9DNKkBQ,2,0.004,0.003,1
GoonFi,HbidP4hpQdwhkzrxder3x3VNPt6DQnE25gFG46napD2p,7,0.004,0.003,7
GoonFi,aXiomFkk6VzXaBhPuhMqTLZZguCFzzbyP9LTtZ7ZHLQ,2,0.004,0.003,1
GoonFi,2Mob8FJkb8chZY5pTBMpKfLwgZAQHE5i9jAC5zbASitD,2,0.0,0.0,2
GoonFi,2zykwzzo1pd3H2oSj5j5SRLTvmpa9Nr2S2Bh8tTVd5Tq,1,0.0,0.0,1
GoonFi,3C2cXXVHCm2w2EWnHUNxhtZCB2EMv2AeJ4TpW5ws18fi,1,0.0,0.0,1
GoonFi,3RXKQBRv7xKTQeNdLSPhCiD4QcUfxEQ12rtgUkMf5LnS,1,0.0,0.0,1
GoonFi,3rqEEEGjHRyndHuduBcjkf17rX3hgmGACpYTQYeZ5Ltk,1,0.0,0.0,1
GoonFi,4DraK9wUrMSpzbGjUbSWTHAhJimMyB49HyKhvfwe6e51,1,0.0,0.0,1
GoonFi,4SsMncJdtKiUcDtukkX15mqei7WiuQ9yvRtQrQW4reWC,1,0.0,0.0,1
GoonFi,5ejbTALcBsKQ7Cj1iSuu2mY5jqbYHqh9gF5ERXLiYj1z,1,0.0,0.0,1
GoonFi,7Nn8qBJey7vXtVFMNBbbuN8UkujU8Y6nWzbHVGuf49yV,1,0.0,0.0,1
GoonFi,7cVfgArCheMR6Cs4t6vz5rfnqd56vZq4ndaBrY5xkxXy,1,0.0,0.0,1
GoonFi,7tqeaFKsg2K9xKnQWe61w71AtCZVMQvG4hbFAiFAngYw,1,0.0,0.0,1
GoonFi,8GLRbAstsabZuZUx73AoyfGi1FRCWSUhRgMugFyofEz7,3,0.0,0.0,3
GoonFi,8nbE53mcKhy74HLiGZ1q5HRocwiCvgh49csSaHSdtukr,1,0.0,0.0,0
GoonFi,8tjFeSApQ85ThoQXT28acfF2KUfQr3TvTdirSkzNnYC7,1,0.0,0.0,1
GoonFi,8uJiHDJ1b7UDQ4KFsQGJXK9nUCkokdKRJymg1Wy9nxvM,2,0.0,0.0,2
GoonFi,9rkJMARqK6VBkcxGfKBAwnA44gPAfGxPbPsfsggFNDSQ,1,0.0,0.0,1
GoonFi,A9mvukTd77EbRoBX4ydSCFQHdu5bsRFkNXTTRstA8FAC,1,0.0,0.0,1
GoonFi,AMukCLCr52XxsEjXoDxKKxjNg4FpnsReXNaQx8aR6DJF,1,0.0,0.0,1
GoonFi,AicQr2zCWBLiBwt2r6o7iTemmtyE7q5pTKyuuupbXEQA,1,0.0,0.0,1
GoonFi,Awes4Tr6TX8JDzEhCZY2QVNimT6iD1zWHzf1vNyGvpLM,2,0.0,0.0,2
GoonFi,BXAxLMMMUNYfC1z166VjWHR3WjTmqzLxB837o5ghmRtH,1,0.0,0.0,1
GoonFi,BeaCHioStqCEFDFxKwAEzyrUPYxqnBPhJ98gDKeEiTPb,1,0.0,0.0,1
GoonFi,BitokuDHQiAhpUKrwx1VssAAoW5Rst8zB6gpfoaxM3Kh,1,0.0,0.0,0
GoonFi,ByszyWdqC3rVMWy8f6jwK5cmwkpwYdwsr7UL58xS5vnm,1,0.0,0.0,1
GoonFi,CTDGxTK789ZvhgyHZHtSnxTtysbyY1mrywXEJiYYqXxC,1,0.0,0.0,1
GoonFi,CkCMabrc3HgBgDkeKPXkbWuQpUuSqW7zs1Mg3HFArx61,1,0.0,0.0,1
GoonFi,Cogent51kHgGLHr7zpkpRjGYFXM57LgjHjDdqXd4ypdA,1,0.0,0.0,1
GoonFi,CwyVpfmfSiMeCexi3JgUNvaiDfYN14cLDjzT99zcBuD2,1,0.0,0.0,1
GoonFi,D3htsc6iRQJLqCNWcC2xcZgUuvcd1JT8zoYNqraNcTQz,3,0.0,0.0,3
GoonFi,DEU4agzdUCA5oZ1QSLxCyZb1smvdu5j1NXXsK2r823Uu,1,0.0,0.0,1
GoonFi,DP9iBgK9c7tJYb83KhxQMFNc1LXYu7nE7EhWpEzQnjmg,2,0.0,0.0,2
GoonFi,DZVqmD4QqSWM2gUyEXdQhvt4u3NZtCRxdsn2n2nNiBRL,1,0.0,0.0,1
GoonFi,DrifTrN923QaouP89UxkQzFGbumKPCnfkNYQRwmZxatz,1,0.0,0.0,1
GoonFi,EBoKqyT2kCabcHXgpF7ScwrHgGUsR821xkTJsHtP2JJi,1,0.0,0.0,1
GoonFi,FbYX2uN573G5WsgiPdHU6fS5PNUyjdXfGfpZNkYUuT4k,1,0.0,0.0,1
GoonFi,FzQqaDStQQHs52YKeCnDovwSqvyZBCgs2kJcmvoFZwaS,1,0.0,0.0,1
GoonFi,G1bLKfyNm7zsmmYEL9dyxBvMtxpFcwy2s84bHDj2ZFUY,1,0.0,0.0,1
GoonFi,G2TBEh2ahNGS9tGnuBNyDduNjyfUtGhMcssgRb8b6KfH,1,0.0,0.0,1
GoonFi,JD549HsbJHeEKKUrKgg4Fj2iyv2RGjsV7NTZjZUrHybB,5,0.0,0.0,5
GoonFi,JupmVLmA8RoyTUbTMMuTtoPWHEiNQobxgTeGTrPNkzT,3,0.0,0.0,2
GoonFi,RNXnAJV1DeBt6Lytjz4wYzvS3d6bhsfidS5Np4ovwZz,1,0.0,0.0,1
GoonFi,gangtCrQg5RmKf5yxvhvZThPugPX58pDSdQ5UuS26vN,2,0.0,0.0,2
GoonFi,phz1CRbEsCtFCh2Ro5tjyu588VU1WPMwW9BJS9yFNn2,1,0.0,0.0,1
GoonFi,puffinQSvKFriPbyE5atyx1ptfnyytovbzxybr1jsyy,1,0.0,0.0,1
GoonFi,shftkxnsXmqAkmLgz9Mn7bNB5Fr6mKgFc58kFHfVikj,7,0.0,0.0,7
HumidiFi,22rU5yUmdVThrkoPieVNphqEyAtMQKmZxjwcD8v4bJDU,9,15.25,13.725,2898
HumidiFi,HEL1USMZKAL2odpNBj2oCjffnFGaYwmbGmyewGv1e2TU,34,11.64,10.475999999999999,2340
HumidiFi,HnfPZDrbJFooiP9vvgWrjx3baXVNAZCgisT58gyMCgML,4,7.9,7.11,1568
HumidiFi,DRpbCBMxVnDK7maPM5tGv6MvB3v1sRMC86PZ8okm21hy,26,7.58,6.822000000000001,1469
HumidiFi,FNKgX9dYUhYQFRTM9bkeKoRpsyEtZGNMxbdQLDzfqB8a,9,6.03,5.427,1201
HumidiFi,ChorusmmK7i1AxXeiTtQgQZhQNiXYU84ULeaYF1EH15n,9,4.29,3.8609999999999998,855
HumidiFi,5pPRHniefFjkiaArbGX3Y8NUysJmQ9tMZg3FrFGwHzSm,17,3.26,2.934,650
HumidiFi,6TkKqq15wXjqEjNg9zqTKADwuVATR9dW3rkNnsYme1ea,3,2.89,2.601,579
HumidiFi,Fd7btgySsrjuo25CJCj7oE7VPMyezDhnx7pZkj2v69Nk,16,2.1,1.8900000000000001,424
HumidiFi,A1vqhA2fS6K7CvHsJKX1ACcHJFEmyRg4KuR5pctHANy4,4,2.05,1.845,412
HumidiFi,CiR8HNCfkjtcongPmP2DRdZPnFgjSbN5gsXdjmsXXHcB,1,1.85,1.665,370
HumidiFi,9W3QTgBhkU4Bwg6cwnDJo6eGZ9BtZafSdu1Lo9JmWws7,15,1.78,1.6019999999999999,367
HumidiFi,4SsMncJdtKiUcDtukkX15mqei7WiuQ9yvRtQrQW4reWC,4,1.75,1.575,352
HumidiFi,nebu15XQKGpxzhhckADBX9PgvGN5qk9RRJCFLKc118w,1,1.51,1.359,302
HumidiFi,JD549HsbJHeEKKUrKgg4Fj2iyv2RGjsV7NTZjZUrHybB,11,1.374,1.236,282
HumidiFi,puffinQSvKFriPbyE5atyx1ptfnyytovbzxybr1jsyy,1,1.26,1.134,240
HumidiFi,DtdSSG8ZJRZVv5Jx7K1MeWp7Zxcu19GD5wQRGRpQ9uMF,11,1.244,1.1189999999999998,254
HumidiFi,CAo1dCGYrB6NhHh5xb1cGjUiu86iyCfMTENxgHumSve4,10,1.18,1.0619999999999998,239
HumidiFi,BSVckjdW2f8kcXPGcrPPtV9kUDBZ8w8PjrrGVnxgEdwq,5,0.59,0.531,121
HumidiFi,EQhTjikb1L2jvxsCaSW2o2TuRXh4Do6HzBEWCxpeM44W,1,0.55,0.495,111
HumidiFi,DWvDTSh3qfn88UoQTEKRV2JnLt5jtJAVoiCo3ivtMwXP,9,0.454,0.40800000000000003,96
HumidiFi,EUcJwf7jXskRE6NZBtFPVH2EedNvNYko8LL2WT62XctB,1,0.38,0.342,77
HumidiFi,FBbqKvwLfKGZrKrfSbPJz4ymQ7zMarhRyZtu1RBkSe89,1,0.37,0.333,74
HumidiFi,GREEDkgav1ox1jYyd9Anv6exLqKV2vYnxMw5prGwmNKc,1,0.37,0.333,74
HumidiFi,9UM8wQ8F5oMiRcP5YdqD6Lr4krpBWCD8LtgQYoisJd9i,13,0.35,0.315,79
HumidiFi,E1r4Psq84tHfQ6aPTvvDka4U3u8zPVD7gEUrH25RdxHL,7,0.31,0.279,62
HumidiFi,7Zm1pE4FubFYZDyAQ5Labh3A4cxDcvve1s3WCRgEAZ84,1,0.3,0.27,52
HumidiFi,9n1eEtJJfj1535NYfx524QcCG5aHbf5DH7ejqBrFLBwG,6,0.29000000000000004,0.261,63
HumidiFi,ana2y2YvQ3ZPMwm6qhnN3nJoUSiT3qx5Pvetkq9xcfY,4,0.29000000000000004,0.261,58
HumidiFi,nymsHergYedT9CJMgtGMvqXUTGcbs5o3MiWTJUbqTGY,5,0.29000000000000004,0.261,61
HumidiFi,BtsmiEEvnSuUnKxqXj2PZRYpPJAc7C34mGz8gtJ1DAaH,5,0.28,0.252,61
HumidiFi,6WgdYhhGE53WrZ7ywJA15hBVkw7CRbQ8yDBBTwmBtAHN,4,0.27,0.243,58
HumidiFi,84gC25fbFKYueR9WEfreUysk1n3ZFxLFDDjbyqeqGpoW,2,0.27,0.243,53
HumidiFi,BUv44cVtsdvU9z2BfFGk6s5JZZWrmVnq5qCaii5ARyyB,6,0.27,0.243,59
HumidiFi,6y7V8dL673XFzm9QyC5vvh3itWkp7wztahBd2yDqsyrK,4,0.25,0.22499999999999998,53
HumidiFi,hykfH9jUQqe2yqv3VqVAK5AmMYqrmMWmdwDcbfsm6My,1,0.23,0.207,46
HumidiFi,7QQGNm3ptwinipDCyaCF7jY5katgmFUu1ieP2f7nwLpE,3,0.18,0.162,38
HumidiFi,q9XWcZ7T1wP4bW9SB4XgNNwjnFEJ982nE8aVbbNuwot,12,0.16999999999999998,0.153,44
HumidiFi,2gDeeRa3mwPPtw1CMWPkEhRWo9v5izNBBfEXanr8uibX,2,0.15,0.135,31
HumidiFi,9GHvMeJ4ZWuAX6sDGscFL1TBMszx2EehnrcTVUy4MZJQ,2,0.13,0.117,27
HumidiFi,8uJiHDJ1b7UDQ4KFsQGJXK9nUCkokdKRJymg1Wy9nxvM,7,0.12,0.108,31
HumidiFi,EkvdKhULbMFqjKBKotAzGi3kwMvMpYNDKJXXQQmi6C1f,6,0.1,0.09,24
HumidiFi,LA1NEzryoih6CQW3gwQqJQffK2mKgnXcjSQZSRpM3wc,2,0.1,0.09,22
HumidiFi,parayLyZvwnGjDT2pGqrVn8UDxmNcdNQCE8uPRWMeRz,1,0.1,0.09,21
HumidiFi,9FXD1NXrK6xFU8i4gLAgjj2iMEWTqJhSuQN8tQuDfm2e,2,0.09,0.0809999999999999,18
HumidiFi,SaGAgdkowooXBrHihpmE8gsjf1dUG7n5SqnyJxYFnXJ,1,0.09,0.0809999999999999,18
HumidiFi,CTDGxTK789ZvhgyHZHtSnxTtysbyY1mrywXEJiYYqXxC,2,0.08,0.072,17
HumidiFi,JupmVLmA8RoyTUbTMMuTtoPWHEiNQobxgTeGTrPNkzT,4,0.08,0.072,20
HumidiFi,Ninja1spj6n9t5hVYgF3PdnYz2PLnkt7rvaw3firmjs,2,0.08,0.072,18
HumidiFi,Stakex4B2tpDHPWGvV1dninfiaYCGdakgTknpzPitLh,3,0.08,0.072,18
HumidiFi,krakeNd6ednDPEXxHAmoBs1qKVM8kLg79PvWF2mhXV1,6,0.064,0.057,17
HumidiFi,9jxgosAfHgHzwnxsHw4RAZYaLVokMbnYtmiZBreynGFP,11,0.06,0.054,22
HumidiFi,CoG8d9Fp2TFJRkAmrPMiPsGhQWHzdTTVoegEp9svRgmJ,1,0.06,0.054,12
HumidiFi,58KprHKFNHgH1Cvo4QwxWkDeJNaSQVteCoAAFUWjtESn,2,0.05,0.045,11
HumidiFi,KoLibrJsbABbtmtFPc7nPvDxT81rc4UPM7mY9xSLjpo,1,0.05,0.045,10
HumidiFi,RBFiUqjYuy4mupzZaU96ctXJBy23sRBRsL3KivDAsFM,3,0.05,0.045,13
HumidiFi,AEAJtnjjB19XFreJH21UP8rfd12f9kxMmngwZG3tGXbP,1,0.04,0.036,9
HumidiFi,BeaCHioStqCEFDFxKwAEzyrUPYxqnBPhJ98gDKeEiTPb,3,0.04,0.036,11
HumidiFi,FBKFWadXZJahGtFitAsBvbqh5968gLY7dMBBJUoUjeNi,4,0.04,0.036,9
HumidiFi,vu1sGn2f1Xim6voHNLt4nLn38zNkYdLasU7hEr1TC2D,2,0.04,0.036,9
HumidiFi,2m1A2WM1vte7RWz5xTTw4i1SiXmngVtXhqFERaUjoAAb,1,0.03,0.027,6
HumidiFi,5ejbTALcBsKQ7Cj1iSuu2mY5jqbYHqh9gF5ERXLiYj1z,2,0.03,0.027,7
HumidiFi,NATsUSZGohWw8xtLdxG4yus21UCkaes4FLfM2eqKbRk,1,0.03,0.027,6
HumidiFi,GoeW4aFK4dGoekJySgUynWDxBZiQJqm8GDAF4H53tDK9,6,0.03,0.026999999999999996,11
HumidiFi,5Cchr1XGEg7dbBXByV5NY2ad8jfxAM7HA3x8D56rq9Ux,1,0.02,0.018,4
HumidiFi,8tjFeSApQ85ThoQXT28acfF2KUfQr3TvTdirSkzNnYC7,6,0.02,0.018,9
HumidiFi,9ppJrpsbbuGNjiMhhD52Ueco4KXUzVfrtNQ6tAcDab4f,2,0.02,0.018,6
HumidiFi,EN5F2BU5juUEWr9zRNNqKuQMi9zBUY1YLPHV5EyMrvnW,2,0.02,0.018,5
HumidiFi,Hz5aLvpKScNWoe9YZWxBLrQA3qzHJivBGtfciMekk8m5,8,0.02,0.018,11
HumidiFi,bkpk9KVsDRfrArzzmkJ9mPEvbXfQxczzQYR3QMGiR8Z,2,0.02,0.018,6
HumidiFi,3YVoK8UN62dyiPZnGBzBTkGdwsVmmK1MpRoLcxNRs9BE,2,0.01,0.009,3
HumidiFi,5EhGYUyQNrxgUbuYF4vbL2SZDT6RMfhq3yjeyevvULeC,2,0.01,0.009,3
HumidiFi,5pZvwjSpGYCxpJeySwSbSAji7kZe4YntL7rQvXM3YcNT,3,0.01,0.009,4
HumidiFi,9rkJMARqK6VBkcxGfKBAwnA44gPAfGxPbPsfsggFNDSQ,6,0.01,0.009,6
HumidiFi,BfgMdL4FaNHp5zZpD7WMYG5sZUrCWQPEjXDwWS7M5q3F,1,0.01,0.009,2
HumidiFi,C1ocKDYMCm2ooWptMMnpd5VEB2Nx4UMJgRuYofysyzcA,2,0.01,0.009,3
HumidiFi,DZv25oNCWFvGXu9tH63BiAXvG94syweGZhbvdN3HxDxT,1,0.01,0.009,2
HumidiFi,EXckihF3qmguH5znjhfzLvHsbk2E3nEW2DqNh4MMnDMm,3,0.01,0.009,5
HumidiFi,FACb6bbTDRBHCK999V8ox8jga5JBnt1r3vvzmAYAMv2o,1,0.01,0.009,2
HumidiFi,FZ4MT1HYJHd9GK8D5mJ9f3r7irLaDL5NxBNLjGqrLqs9,4,0.01,0.009,5
HumidiFi,HLnodbYkL5PFA8hjAZDkm5pGzV7eLTvcs671AW2L6St9,1,0.01,0.009,2
HumidiFi,THWsLPufeq9LWs2H9vYPbtFwdxAHbQHvSbT6pztG8x1,1,0.01,0.009,2
HumidiFi,nateKhsYkrVc992UuTfAhEEFQqr2zQfpGg9RafNkxdC,1,0.01,0.009,2
HumidiFi,2GUnfxZavKoPfS9s3VSEjaWDzB3vNf5RojUhprCS1rSx,1,0.004,0.003,0
HumidiFi,G3a3iYZKNLbivothF3twqcaTCEvoPb9uJ2bFc9DNKkBQ,3,0.004,0.003,2
HumidiFi,HbidP4hpQdwhkzrxder3x3VNPt6DQnE25gFG46napD2p,3,0.004,0.003,2
HumidiFi,NWY18yrPHsTogTDq78HpB51D7gC5AGRsvJ5pPqSchkH,1,0.004,0.003,1
HumidiFi,2AKKnirWVZMhnzuwqpizw9SwfZjGpRFLx2zCCNtPWpbc,1,0.0,0.0,1
HumidiFi,2E2JPuFhjkQvEJEeNGqVSwGLJa5GoFqabQTutGjg1bzw,1,0.0,0.0,1
HumidiFi,2Mob8FJkb8chZY5pTBMpKfLwgZAQHE5i9jAC5zbASitD,1,0.0,0.0,1
HumidiFi,2dfgsiSaZ51QYPsECMYMG247PXxyKdwkV9wTHoQb8YEC,1,0.0,0.0,1
HumidiFi,2mDrrmhSzpSyaF12izGk8hnFjtKCGeCFPwQHpRiJDby2,1,0.0,0.0,1
HumidiFi,3JotfSFPaod4KVK7nj7ULvcq5PjUBdZNVGracNkJNhrt,3,0.0,0.0,3
HumidiFi,3WDh9HgusCujDmXCVhophLrHvoKHQd1Sd4uFHz1Awo35,1,0.0,0.0,1
HumidiFi,3s97yjq2MhoPVPC3U9VeE3Z5S643Pweovg88ysvrQPw5,2,0.0,0.0,2
HumidiFi,3tm92VTxwyZ5MDhGoYR4tVTkwWYkzfam6hwBjauUACCk,1,0.0,0.0,1
HumidiFi,3x9nibnhgBHWKMRiGnsXJELRBjviQpKyigfrXtKW27KJ,1,0.0,0.0,1
HumidiFi,4SgoyAwN26iu9Gpf12Bk1rnzp4G4yDUM3XVv4w7VQcAf,1,0.0,0.0,1
HumidiFi,57i31UEyDg4koaZMZ1wAHbYuezXv3AVaHtvJgJarxt3f,1,0.0,0.0,1
HumidiFi,5HYjArGt81naevDdwMaEx8yeGNw9jYBSDJa8YavT9Mp4,3,0.0,0.0,3
HumidiFi,5MAGJ3zShtXMMVXjZRoFqtFF7XhP8iLSyZrxdL7KpjcB,1,0.0,0.0,1
HumidiFi,5TGfVQV1S3wHE9hkgGaQkRoPC7xZxiqwMcjQZxVYsf1j,3,0.0,0.0,3
HumidiFi,5ZqveVffQPiUbkjBg4KD9kib1MKHLqiFno4ke9jSq9qk,5,0.0,0.0,5
HumidiFi,5d9Mdc2Zk8as8GL1AxQeXxv5htBBvC5bjfmsXC7UUWwG,1,0.0,0.0,1
HumidiFi,5tfcGyf3NQFcufDigvbRt9kWoVN2KPEkBRUY3UaC3Zwm,1,0.0,0.0,1
HumidiFi,5zm9g3zgAPWzX3wmUB2JtTkcwCqe74NWsTmt5wLFwCKK,1,0.0,0.0,1
HumidiFi,5zuNci3TV79w6zLoJZzbZujMvkVZb2FcSPhgv9aT24AK,1,0.0,0.0,1
HumidiFi,61QB1Evn9E3noQtpJm4auFYyHSXS5FPgqKtPgwJJfEQk,2,0.0,0.0,2
HumidiFi,6aDs9tUm2gErcPn2c1TZnp5cu2bQV9BzyuwW4baWQYd4,1,0.0,0.0,1
HumidiFi,6xWLi1TDSh65fWsSqE1zdvANTSuVDRMx4ghsGJwgunS8,1,0.0,0.0,1
HumidiFi,722RdWmHC5TGXBjTejzNjbc8xEiduVDLqZvoUGz6Xzbp,4,0.0,0.0,4
HumidiFi,76rcGHdPvgs8G1XrzCXUTWtwgT59AFDvpB4VbTS2TBBJ,1,0.0,0.0,1
HumidiFi,7PdKhpKz7T39vZHFL1UfcYNDsLvay6hp4KPQq1aUckFf,1,0.0,0.0,1
HumidiFi,7ZjHeeYEesmBs4N6aDvCQimKdtJX2bs5boXpJmpG2bZJ,1,0.0,0.0,1
HumidiFi,7cVfgArCheMR6Cs4t6vz5rfnqd56vZq4ndaBrY5xkxXy,1,0.0,0.0,1
HumidiFi,7pR7t5axFfkg2VZB1uAuFNUvpAeowq2v15J4gw5MmHTB,1,0.0,0.0,1
HumidiFi,7tqeaFKsg2K9xKnQWe61w71AtCZVMQvG4hbFAiFAngYw,2,0.0,0.0,2
HumidiFi,8AkVj5aAtJ27tYXeq89cnSf68V43NarFHMx2iSDjZv7c,1,0.0,0.0,1
HumidiFi,8aySXUFrqJz5kath6aVijrkBH8ZtxMWJGhYXwYBpKmHK,1,0.0,0.0,1
HumidiFi,8cnksBVjDPspn3AvmxJd8JKUdh4uWDDXzDemPmDctaHi,1,0.0,0.0,1
HumidiFi,9PRr9k87HjjdLMRkxtxygidjxVta9VQ1kAsqgLBWXKdQ,1,0.0,0.0,1
HumidiFi,A23LfQn6khffj2hGhGfXr6P52W2pxrVcCaHVQLYQgiX2,1,0.0,0.0,1
HumidiFi,A9mvukTd77EbRoBX4ydSCFQHdu5bsRFkNXTTRstA8FAC,1,0.0,0.0,1
HumidiFi,AEHqTB2RtJjegsR2ePjvoJSm6AA5pnYKWVbcsn6kqTBD,3,0.0,0.0,3
HumidiFi,AMukCLCr52XxsEjXoDxKKxjNg4FpnsReXNaQx8aR6DJF,1,0.0,0.0,1
HumidiFi,ANC1u9sY36q3mi2MyVhtz71un8yLgTsFBUuyLcSPzKsk,1,0.0,0.0,1
HumidiFi,AWcCdYG7Dy6GX45c6QMPbgGwgRZPKcBDT4bXGb3QrVRV,6,0.0,0.0,6
HumidiFi,AiDoLWFKzNxSXKeZ4zym2TEPkg6F4kQ3YBA8WhANVPEq,1,0.0,0.0,1
HumidiFi,AqyRvpjjSN6jWYPxijoJwhmKwJFk6fRYDh9fQZHcJ2o7,2,0.0,0.0,1
HumidiFi,ArMBx6veRq33ffEP9sxHafiPRgrtzww4XvbwZbSMfXiM,1,0.0,0.0,1
HumidiFi,Aw5wEMXhbygFLR7jHtHpih8QvxVBGAMTqsQ2SjWPk1ex,6,0.0,0.0,6
HumidiFi,Awes4Tr6TX8JDzEhCZY2QVNimT6iD1zWHzf1vNyGvpLM,4,0.0,0.0,4
HumidiFi,BkoS26vBuaXnSowACdChi4WKid8UwmuPNhEJWa8KsLHd,5,0.0,0.0,5
HumidiFi,BuoZ7q6faiJNTN24r7Kcj8dp96axs5XPEKXmWGsh2pDE,1,0.0,0.0,1
HumidiFi,BxkAkLR2W3agWtjMXBNvhxmB8vsn7zhjNQcyfost99KY,1,0.0,0.0,1
HumidiFi,CG4tRANBKrzUmpv93V5sgftjQznBdiJsc2yPCzZWWuS9,3,0.0,0.0,3
HumidiFi,CMPSSdrTnRQBiBGTyFpdCc3VMNuLWYWaSkE8Zh5z6gbd,1,0.0,0.0,1
HumidiFi,CW9C7HBwAMgqNdXkNgFg9Ujr3edR2Ab9ymEuQnVacd1A,3,0.0,0.0,3
HumidiFi,CaveyttUBTKttncu1e4RF814XjuoGfYv8cEsiKGDNCPX,2,0.0,0.0,2
HumidiFi,CfgRXmp1LEYr97EaT2RyoL2cSvtWgJh52Bes89RxVSoW,1,0.0,0.0,1
HumidiFi,CkCMabrc3HgBgDkeKPXkbWuQpUuSqW7zs1Mg3HFArx61,1,0.0,0.0,1
HumidiFi,Crg1X8FftV44NmwfFvgREjanBQmyyS7NEu6duLU7Cyy6,1,0.0,0.0,1
HumidiFi,CwyVpfmfSiMeCexi3JgUNvaiDfYN14cLDjzT99zcBuD2,1,0.0,0.0,1
HumidiFi,DNVZMSqeRH18Xa4MCTrb1MndNf3Npg4MEwqswo23eWkf,14,0.0,0.0,14
HumidiFi,DTSUkYHd2e9P2HLyZfbLarsbDdPhQUhZnWjRYuJZQRC8,3,0.0,0.0,3
HumidiFi,DUND26mEDfFeaPsVof3YvbXDRvpuQX7HMUJrLgEWzYw4,1,0.0,0.0,1
HumidiFi,DZKTNGR3r4Akj3G42ReZatKhkmgEXoZjk5Ed2tFwRyqm,1,0.0,0.0,1
HumidiFi,DZVqmD4QqSWM2gUyEXdQhvt4u3NZtCRxdsn2n2nNiBRL,1,0.0,0.0,1
HumidiFi,DiveRaPKviyDnQyiiMFdV4rujsCBJzMNvPjKfvGNLGvL,1,0.0,0.0,1
HumidiFi,DrifTrN923QaouP89UxkQzFGbumKPCnfkNYQRwmZxatz,4,0.0,0.0,4
HumidiFi,EBoKqyT2kCabcHXgpF7ScwrHgGUsR821xkTJsHtP2JJi,2,0.0,0.0,2
HumidiFi,ETuPS3kRfLufz5VSYN2ZrePoEVSZSpgVPKz3MUZpYe3x,1,0.0,0.0,1
HumidiFi,EfPYQ4BUMiKa6736qqrtnCBGkUSRDGSr1WvtyUgWHuyp,2,0.0,0.0,2
HumidiFi,EvnRmnMrd69kFdbLMxWkTn1icZ7DCceRhvmb2SJXqDo4,4,0.0,0.0,4
HumidiFi,FSyAsxcE7g8pSSEu5nx7Hkz44rMZiYio5Wz8Lszh3Nbi,1,0.0,0.0,1
HumidiFi,FWwwP9tNttSy9dJFxwf6ebXWfc6VJXqFNMTccrMiLFTH,1,0.0,0.0,1
HumidiFi,Fc6NNdS2j3EmrWbU6Uqt6wsKB5ef72NjaWfNxKYbULGD,1,0.0,0.0,1
HumidiFi,G2TBEh2ahNGS9tGnuBNyDduNjyfUtGhMcssgRb8b6KfH,2,0.0,0.0,2
HumidiFi,G9vCpJUUSpEm4zPwzSNpDmZ8MGwLEbiSLV59EBzCGvzM,3,0.0,0.0,3
HumidiFi,GQzMeEMwAR44ugoNCifTb5NdRKos1GduDUPeNh6AgV46,1,0.0,0.0,1
HumidiFi,GSTampk6BJRKSDkzhaMM49R7qRx98MTPYYWvKbp83XKc,1,0.0,0.0,1
HumidiFi,GkFT5nmcFVmJiLwuE98PjdF3LReMeq4WbejFHfwrnsgw,1,0.0,0.0,1
HumidiFi,GmCxjmjKZoaKN1DKunbYq8RCYib94Nm3sHyncFfofaF5,1,0.0,0.0,1
HumidiFi,HM1KjNaXa4w8K4gCXbieoMh5gUTNeUhg9fvdXMKeBW3L,4,0.0,0.0,4
HumidiFi,HaLanfo94ezLc3JZ55qqxr7W3qbe1PprJyv2uEtriEqN,1,0.0,0.0,1
HumidiFi,HgozywotiKv4F5g3jCgideF3gh9sdD3vz4QtgXKjWCtB,1,0.0,0.0,1
HumidiFi,HpcB5Qg8Y9E73dUkot5e8HkgAJbExsYeUzniY4bCuKac,1,0.0,0.0,1
HumidiFi,J6etcxDdYjPHrtyvDXrbCkx3q9W1UjMj1vy1jBFPJEbK,2,0.0,0.0,2
HumidiFi,LTP1bMnfq1Z6UctyDXYHo9qcUJ6ReXm9cG2VwQcsHBt,1,0.0,0.0,1
HumidiFi,MutT1jxCXbRWJXpXoJK259gLrNfzDezdxS3BSkQAmv1,1,0.0,0.0,1
HumidiFi,NdMV1C3XMCRqSBwBtNmoUNnKctYh95Ug4xb6FSTcAWr,1,0.0,0.0,1
HumidiFi,RNXnAJV1DeBt6Lytjz4wYzvS3d6bhsfidS5Np4ovwZz,1,0.0,0.0,1
HumidiFi,SSmBEooM7RkmyuXxuKgAhTvhQZ36Z3G2WsmLGJKoQLY,1,0.0,0.0,1
HumidiFi,Spiky3mMSLHGhffuEhYR7ptMNZ8NddddwrTjki4VhWk,1,0.0,0.0,1
HumidiFi,Ste1115xFGdAYK5jaWA3dEFcUc1S5jEbVvD8e327zty,1,0.0,0.0,1
HumidiFi,VQwCCSfW3o5NDx7n5FBr9SoYiLXVgetstHvaWBvv2YH,1,0.0,0.0,1
HumidiFi,Va1idLRtYEtVFJFsvz8vtt1uCJgea4Q1zi2Rh3eraJh,3,0.0,0.0,3
HumidiFi,aXiomFkk6VzXaBhPuhMqTLZZguCFzzbyP9LTtZ7ZHLQ,5,0.0,0.0,5
HumidiFi,ciTyjzN9iyobidMycjyqRRM7vXAHXkFzH3m8vEr6cQj,1,0.0,0.0,1
HumidiFi,farbZXR7aBQSMCYiUXzoS4pRUsvuCZ38f6AXMXiKACf,1,0.0,0.0,1
HumidiFi,fishfishrD9BwrQQiAcG6YeYZVUYVJf3tb9QGQPMJqF,1,0.0,0.0,1
HumidiFi,forb5u56XgvzxiKfRt4FVNFQKJrd2LWAfNCsCqL6P7q,1,0.0,0.0,1
HumidiFi,huinBRP3muBuqZLMW8ARjdn4mBnEmFFcxiBzrkQz553,1,0.0,0.0,1
HumidiFi,mrgn4sJJu5GBa5wbKyjuASzhyCifvcedGoLtpKjB3Wf,1,0.0,0.0,1
HumidiFi,pSoLoZx55zZz61gjxSTwHtwTg4yTwdm7ruBmyjbYgT2,1,0.0,0.0,1
HumidiFi,popscoyTKVksa4TyTXw488b3vvFxM7qQEyTBeMQopKu,1,0.0,0.0,1
HumidiFi,rssaJ2iKcE9QWsFYRZr8Q66TQh5bRk9DxYrzxGMzWQr,2,0.0,0.0,2
HumidiFi,sTepQGoReJq2tBKStL19DT6nnGHcGiAvFjyYaokLyuM,1,0.0,0.0,1
HumidiFi,shftkxnsXmqAkmLgz9Mn7bNB5Fr6mKgFc58kFHfVikj,3,0.0,0.0,3
ObricV2,DtdSSG8ZJRZVv5Jx7K1MeWp7Zxcu19GD5wQRGRpQ9uMF,3,0.12,0.108,24
ObricV2,722RdWmHC5TGXBjTejzNjbc8xEiduVDLqZvoUGz6Xzbp,1,0.0,0.0,1
ObricV2,9r2CsyjRTmTRtu8GFk5oJRSQr5YfSENxDkf3eox8iPLa,1,0.0,0.0,1
ObricV2,BeaCHioStqCEFDFxKwAEzyrUPYxqnBPhJ98gDKeEiTPb,1,0.0,0.0,1
ObricV2,DNVZMSqeRH18Xa4MCTrb1MndNf3Npg4MEwqswo23eWkf,1,0.0,0.0,1
ObricV2,HEL1USMZKAL2odpNBj2oCjffnFGaYwmbGmyewGv1e2TU,6,0.0,0.0,6
SolFi,Awes4Tr6TX8JDzEhCZY2QVNimT6iD1zWHzf1vNyGvpLM,1,0.0,0.0,1
SolFi,BtsmiEEvnSuUnKxqXj2PZRYpPJAc7C34mGz8gtJ1DAaH,1,0.0,0.0,1
SolFi,CAo1dCGYrB6NhHh5xb1cGjUiu86iyCfMTENxgHumSve4,1,0.0,0.0,0
SolFi,HEL1USMZKAL2odpNBj2oCjffnFGaYwmbGmyewGv1e2TU,2,0.0,0.0,1
SolFi,forb5u56XgvzxiKfRt4FVNFQKJrd2LWAfNCsCqL6P7q,1,0.0,0.0,0
SolFiV2,EvnRmnMrd69kFdbLMxWkTn1icZ7DCceRhvmb2SJXqDo4,3,2.44,2.196,479
SolFiV2,DRpbCBMxVnDK7maPM5tGv6MvB3v1sRMC86PZ8okm21hy,14,1.18,1.062,235
SolFiV2,GSTampk6BJRKSDkzhaMM49R7qRx98MTPYYWvKbp83XKc,2,0.7300000000000001,0.6570000000000001,130
SolFiV2,DtdSSG8ZJRZVv5Jx7K1MeWp7Zxcu19GD5wQRGRpQ9uMF,6,0.47400000000000003,0.42600000000000005,95
SolFiV2,9W3QTgBhkU4Bwg6cwnDJo6eGZ9BtZafSdu1Lo9JmWws7,5,0.41000000000000003,0.369,83
SolFiV2,Cogent51kHgGLHr7zpkpRjGYFXM57LgjHjDdqXd4ypdA,1,0.4,0.36,78
SolFiV2,A4hyMd3FyvUJSRafDUSwtLLaQcxRP4r1BRC9w2AJ1to2,1,0.36,0.3239999999999999,69
SolFiV2,Hz5aLvpKScNWoe9YZWxBLrQA3qzHJivBGtfciMekk8m5,5,0.32,0.288,66
SolFiV2,CAo1dCGYrB6NhHh5xb1cGjUiu86iyCfMTENxgHumSve4,7,0.28,0.252,61
SolFiV2,DWvDTSh3qfn88UoQTEKRV2JnLt5jtJAVoiCo3ivtMwXP,2,0.20400000000000001,0.183,39
SolFiV2,AicQr2zCWBLiBwt2r6o7iTemmtyE7q5pTKyuuupbXEQA,1,0.09,0.0809999999999999,19
SolFiV2,GoeW4aFK4dGoekJySgUynWDxBZiQJqm8GDAF4H53tDK9,2,0.09,0.0809999999999999,19
SolFiV2,HLnodbYkL5PFA8hjAZDkm5pGzV7eLTvcs671AW2L6St9,1,0.09,0.0809999999999999,18
SolFiV2,ABC1U4cf9DZMwqy8ktEr4WJj8VHmVBQibbC57gEJthwY,2,0.08,0.072,16
SolFiV2,JupmVLmA8RoyTUbTMMuTtoPWHEiNQobxgTeGTrPNkzT,9,0.08,0.072,22
SolFiV2,JD549HsbJHeEKKUrKgg4Fj2iyv2RGjsV7NTZjZUrHybB,5,0.07400000000000001,0.066,18
SolFiV2,CfgRXmp1LEYr97EaT2RyoL2cSvtWgJh52Bes89RxVSoW,1,0.07,0.063,12
SolFiV2,DB7DNWMVQASMFxcjkwdr4w4eg3NmfjWTk2rqFMMbrPLA,2,0.07,0.063,14
SolFiV2,shftkxnsXmqAkmLgz9Mn7bNB5Fr6mKgFc58kFHfVikj,1,0.07,0.063,15
SolFiV2,FBKFWadXZJahGtFitAsBvbqh5968gLY7dMBBJUoUjeNi,4,0.060000000000000005,0.054,14
SolFiV2,5AsoSeQtLoN8eLsf3wKrR3LwxHME4sTBGR6dpTCP1k3H,2,0.05,0.045,12
SolFiV2,AmjX7CerZbHrU814UeBp2gJC7gANNG3KrP4c3RyD7TSD,1,0.05,0.045,9
SolFiV2,5pZvwjSpGYCxpJeySwSbSAji7kZe4YntL7rQvXM3YcNT,1,0.04,0.036,9
SolFiV2,CPcDFHCAKkr5Kp9T5aQWJhXV5J6iFj141NMQ87L6poPL,3,0.04,0.036,11
SolFiV2,DTSUkYHd2e9P2HLyZfbLarsbDdPhQUhZnWjRYuJZQRC8,1,0.04,0.036,6
SolFiV2,HEL1USMZKAL2odpNBj2oCjffnFGaYwmbGmyewGv1e2TU,12,0.04,0.036,18
SolFiV2,5marvipGzf98hxnoJFXsZbGHSXcEQ3yRGJ4ps7D3V4ou,1,0.03,0.027,7
SolFiV2,5pPRHniefFjkiaArbGX3Y8NUysJmQ9tMZg3FrFGwHzSm,2,0.03,0.027,8
SolFiV2,BkoS26vBuaXnSowACdChi4WKid8UwmuPNhEJWa8KsLHd,1,0.03,0.027,6
SolFiV2,HnfPZDrbJFooiP9vvgWrjx3baXVNAZCgisT58gyMCgML,2,0.03,0.026999999999999996,7
SolFiV2,22rU5yUmdVThrkoPieVNphqEyAtMQKmZxjwcD8v4bJDU,2,0.02,0.018,6
SolFiV2,2m1A2WM1vte7RWz5xTTw4i1SiXmngVtXhqFERaUjoAAb,1,0.02,0.018,5
SolFiV2,5TGfVQV1S3wHE9hkgGaQkRoPC7xZxiqwMcjQZxVYsf1j,2,0.02,0.018,5
SolFiV2,76rcGHdPvgs8G1XrzCXUTWtwgT59AFDvpB4VbTS2TBBJ,1,0.02,0.018,4
SolFiV2,7cVfgArCheMR6Cs4t6vz5rfnqd56vZq4ndaBrY5xkxXy,1,0.02,0.018,4
SolFiV2,8uJiHDJ1b7UDQ4KFsQGJXK9nUCkokdKRJymg1Wy9nxvM,4,0.02,0.018,7
SolFiV2,9GHvMeJ4ZWuAX6sDGscFL1TBMszx2EehnrcTVUy4MZJQ,1,0.02,0.018,4
SolFiV2,9UM8wQ8F5oMiRcP5YdqD6Lr4krpBWCD8LtgQYoisJd9i,1,0.02,0.018,5
SolFiV2,Awes4Tr6TX8JDzEhCZY2QVNimT6iD1zWHzf1vNyGvpLM,3,0.02,0.018,7
SolFiV2,EkvdKhULbMFqjKBKotAzGi3kwMvMpYNDKJXXQQmi6C1f,1,0.02,0.018,4
SolFiV2,FNKgX9dYUhYQFRTM9bkeKoRpsyEtZGNMxbdQLDzfqB8a,1,0.02,0.018,4
SolFiV2,HH5dA42XF1HxNk1TRpG6LuKfLViMYNdAz5iWrFM4hWFi,1,0.02,0.018,5
SolFiV2,VALiDcyCpujxjJAZDK2av2TpMAigpSodzj2ApqgR4e6,1,0.02,0.018,4
SolFiV2,nebu15XQKGpxzhhckADBX9PgvGN5qk9RRJCFLKc118w,1,0.02,0.018,4
SolFiV2,4VrjyXQT61WFSjuG3ehgqZUK1jqvYqB46veQbXLotq3n,1,0.01,0.009,3
SolFiV2,5zm9g3zgAPWzX3wmUB2JtTkcwCqe74NWsTmt5wLFwCKK,2,0.01,0.009,4
SolFiV2,7QQGNm3ptwinipDCyaCF7jY5katgmFUu1ieP2f7nwLpE,1,0.01,0.009,3
SolFiV2,84gC25fbFKYueR9WEfreUysk1n3ZFxLFDDjbyqeqGpoW,1,0.01,0.009,3
SolFiV2,8aySXUFrqJz5kath6aVijrkBH8ZtxMWJGhYXwYBpKmHK,1,0.01,0.009,2
SolFiV2,BSVckjdW2f8kcXPGcrPPtV9kUDBZ8w8PjrrGVnxgEdwq,2,0.01,0.009,4
SolFiV2,DUND26mEDfFeaPsVof3YvbXDRvpuQX7HMUJrLgEWzYw4,1,0.01,0.009,2
SolFiV2,DZVqmD4QqSWM2gUyEXdQhvt4u3NZtCRxdsn2n2nNiBRL,1,0.01,0.009,3
SolFiV2,DZv25oNCWFvGXu9tH63BiAXvG94syweGZhbvdN3HxDxT,1,0.01,0.009,2
SolFiV2,Fd7btgySsrjuo25CJCj7oE7VPMyezDhnx7pZkj2v69Nk,6,0.01,0.009,7
SolFiV2,GmCxjmjKZoaKN1DKunbYq8RCYib94Nm3sHyncFfofaF5,1,0.01,0.009,3
SolFiV2,NWY18yrPHsTogTDq78HpB51D7gC5AGRsvJ5pPqSchkH,1,0.004,0.003,0
SolFiV2,aXiomFkk6VzXaBhPuhMqTLZZguCFzzbyP9LTtZ7ZHLQ,1,0.004,0.003,0
SolFiV2,2GUnfxZavKoPfS9s3VSEjaWDzB3vNf5RojUhprCS1rSx,1,0.0,0.0,1
SolFiV2,3SkE34PVeGck2ArEffFKjihrQgURsvnoTAhitsNXNzXd,2,0.0,0.0,2
SolFiV2,58KprHKFNHgH1Cvo4QwxWkDeJNaSQVteCoAAFUWjtESn,1,0.0,0.0,1
SolFiV2,5RvfTSowms7BTYaBj8SxVjj7ELAAKdQadKsuNpmBAwCs,1,0.0,0.0,1
SolFiV2,5ZqveVffQPiUbkjBg4KD9kib1MKHLqiFno4ke9jSq9qk,1,0.0,0.0,1
SolFiV2,722RdWmHC5TGXBjTejzNjbc8xEiduVDLqZvoUGz6Xzbp,3,0.0,0.0,3
SolFiV2,8pyp3vfVPRziYdAYEyqkwytdBbdVbQmHqfQAVDcRV3w,3,0.0,0.0,3
SolFiV2,9iFPQbP1jGkj67sXg6YLLGRUBVEDMcapdS6jmCZSnz8R,1,0.0,0.0,1
SolFiV2,9jxgosAfHgHzwnxsHw4RAZYaLVokMbnYtmiZBreynGFP,1,0.0,0.0,0
SolFiV2,9rkJMARqK6VBkcxGfKBAwnA44gPAfGxPbPsfsggFNDSQ,1,0.0,0.0,1
SolFiV2,BSGMRbK97DcgLe4u4kfNQnmTVZGVnwdtKQBJqWRBTZxU,1,0.0,0.0,1
SolFiV2,BUv44cVtsdvU9z2BfFGk6s5JZZWrmVnq5qCaii5ARyyB,1,0.0,0.0,1
SolFiV2,BXAxLMMMUNYfC1z166VjWHR3WjTmqzLxB837o5ghmRtH,1,0.0,0.0,1
SolFiV2,By8MseMKtZQQaQjMHJiyetmc5AC8RZZv8C2ss33ktrHt,1,0.0,0.0,1
SolFiV2,CG4tRANBKrzUmpv93V5sgftjQznBdiJsc2yPCzZWWuS9,1,0.0,0.0,1
SolFiV2,CVvaeDPR2o7P1eawG5c9TPFLzSXAewwPovPmREaEL4Cm,1,0.0,0.0,1
SolFiV2,CiR8HNCfkjtcongPmP2DRdZPnFgjSbN5gsXdjmsXXHcB,1,0.0,0.0,1
SolFiV2,CoG8d9Fp2TFJRkAmrPMiPsGhQWHzdTTVoegEp9svRgmJ,1,0.0,0.0,1
SolFiV2,CwyVpfmfSiMeCexi3JgUNvaiDfYN14cLDjzT99zcBuD2,1,0.0,0.0,1
SolFiV2,DrifTrN923QaouP89UxkQzFGbumKPCnfkNYQRwmZxatz,2,0.0,0.0,2
SolFiV2,E1r4Psq84tHfQ6aPTvvDka4U3u8zPVD7gEUrH25RdxHL,2,0.0,0.0,2
SolFiV2,FbYX2uN573G5WsgiPdHU6fS5PNUyjdXfGfpZNkYUuT4k,2,0.0,0.0,2
SolFiV2,G9vCpJUUSpEm4zPwzSNpDmZ8MGwLEbiSLV59EBzCGvzM,1,0.0,0.0,1
SolFiV2,HcZvwZ83PfjrQDiq3GLHxisTs17aGURs6bJ2LwtmL4qv,1,0.0,0.0,1
SolFiV2,Ste1115xFGdAYK5jaWA3dEFcUc1S5jEbVvD8e327zty,1,0.0,0.0,1
SolFiV2,UZBmptMjMSQEPKm4WyUkJeAuvZSqTuNK3cQCKFqJcXT,1,0.0,0.0,1
SolFiV2,krakeNd6ednDPEXxHAmoBs1qKVM8kLg79PvWF2mhXV1,1,0.0,0.0,1
TesseraV,22rU5yUmdVThrkoPieVNphqEyAtMQKmZxjwcD8v4bJDU,3,1.78,1.602,350
TesseraV,DRpbCBMxVnDK7maPM5tGv6MvB3v1sRMC86PZ8okm21hy,10,1.23,1.1069999999999998,248
TesseraV,9n1eEtJJfj1535NYfx524QcCG5aHbf5DH7ejqBrFLBwG,3,0.65,0.585,129
TesseraV,Fd7btgySsrjuo25CJCj7oE7VPMyezDhnx7pZkj2v69Nk,1,0.64,0.5760000000000001,126
TesseraV,Aw5wEMXhbygFLR7jHtHpih8QvxVBGAMTqsQ2SjWPk1ex,3,0.6,0.54,121
TesseraV,ChorusmmK7i1AxXeiTtQgQZhQNiXYU84ULeaYF1EH15n,7,0.45999999999999996,0.41400000000000003,96
TesseraV,G3a3iYZKNLbivothF3twqcaTCEvoPb9uJ2bFc9DNKkBQ,4,0.45,0.40499999999999997,91
TesseraV,DUND26mEDfFeaPsVof3YvbXDRvpuQX7HMUJrLgEWzYw4,1,0.25,0.225,49
TesseraV,PRGNnb8DxVcP2WjSHfVRGgc8SkA5u6dbMwoTVV1BGKN,4,0.25,0.22499999999999998,52
TesseraV,DtdSSG8ZJRZVv5Jx7K1MeWp7Zxcu19GD5wQRGRpQ9uMF,5,0.24,0.21599999999999997,52
TesseraV,3SkE34PVeGck2ArEffFKjihrQgURsvnoTAhitsNXNzXd,1,0.22,0.198,38
TesseraV,5HYjArGt81naevDdwMaEx8yeGNw9jYBSDJa8YavT9Mp4,3,0.19,0.17099999999999999,39
TesseraV,6y7V8dL673XFzm9QyC5vvh3itWkp7wztahBd2yDqsyrK,4,0.16999999999999998,0.153,36
TesseraV,9W3QTgBhkU4Bwg6cwnDJo6eGZ9BtZafSdu1Lo9JmWws7,2,0.13999999999999999,0.126,28
TesseraV,KoLibrJsbABbtmtFPc7nPvDxT81rc4UPM7mY9xSLjpo,1,0.11,0.099,22
TesseraV,5Cchr1XGEg7dbBXByV5NY2ad8jfxAM7HA3x8D56rq9Ux,5,0.1,0.09,23
TesseraV,9UM8wQ8F5oMiRcP5YdqD6Lr4krpBWCD8LtgQYoisJd9i,2,0.09,0.081,18
TesseraV,HM1KjNaXa4w8K4gCXbieoMh5gUTNeUhg9fvdXMKeBW3L,3,0.09,0.08099999999999999,20
TesseraV,XkCriyrNwS3G4rzAXtG5B1nnvb5Ka1JtCku93VqeKAr,1,0.09,0.0809999999999999,18
TesseraV,CoG8d9Fp2TFJRkAmrPMiPsGhQWHzdTTVoegEp9svRgmJ,2,0.08,0.072,17
TesseraV,FzQqaDStQQHs52YKeCnDovwSqvyZBCgs2kJcmvoFZwaS,1,0.08,0.072,16
TesseraV,9jxgosAfHgHzwnxsHw4RAZYaLVokMbnYtmiZBreynGFP,2,0.06,0.054,14
TesseraV,DNVZMSqeRH18Xa4MCTrb1MndNf3Npg4MEwqswo23eWkf,1,0.05,0.045,11
TesseraV,FBKFWadXZJahGtFitAsBvbqh5968gLY7dMBBJUoUjeNi,3,0.05,0.045,12
TesseraV,CfgRXmp1LEYr97EaT2RyoL2cSvtWgJh52Bes89RxVSoW,1,0.04,0.036,9
TesseraV,EvnRmnMrd69kFdbLMxWkTn1icZ7DCceRhvmb2SJXqDo4,5,0.04,0.036,12
TesseraV,4VrjyXQT61WFSjuG3ehgqZUK1jqvYqB46veQbXLotq3n,1,0.03,0.027,7
TesseraV,7QQGNm3ptwinipDCyaCF7jY5katgmFUu1ieP2f7nwLpE,1,0.03,0.027,7
TesseraV,ByszyWdqC3rVMWy8f6jwK5cmwkpwYdwsr7UL58xS5vnm,1,0.03,0.027,6
TesseraV,ETuPS3kRfLufz5VSYN2ZrePoEVSZSpgVPKz3MUZpYe3x,1,0.03,0.027,7
TesseraV,FZ4MT1HYJHd9GK8D5mJ9f3r7irLaDL5NxBNLjGqrLqs9,1,0.03,0.027,6
TesseraV,SP9K2c8Z1aaQaqdQgC6hZMJ5UCTTnE76XNYVse7H94b,1,0.03,0.027,6
TesseraV,soLStaCk5TiGCpeLKa9Fvv6f5JQGMa6S3uhLh826e9N,2,0.03,0.027,7
TesseraV,6c6RrC9TWNgiVXnbZ6hehNuhyh81pZK1yAj5w2nXZTwi,1,0.02,0.018,5
TesseraV,CAo1dCGYrB6NhHh5xb1cGjUiu86iyCfMTENxgHumSve4,2,0.02,0.018,6
TesseraV,CG4tRANBKrzUmpv93V5sgftjQznBdiJsc2yPCzZWWuS9,2,0.02,0.018,5
TesseraV,DZVySotZvrvJyVAcgjFtUDm93zoCaq9wBruMAUz83CWW,1,0.02,0.018,4
TesseraV,Fudp7uPDYNYQRxoq1Q4JiwJnzyxhVz37bGqRki3PBzS,1,0.02,0.018,4
TesseraV,HH5dA42XF1HxNk1TRpG6LuKfLViMYNdAz5iWrFM4hWFi,1,0.02,0.018,4
TesseraV,JD549HsbJHeEKKUrKgg4Fj2iyv2RGjsV7NTZjZUrHybB,2,0.02,0.018,6
TesseraV,Tri1F8B6YtjkBztGCwBNSLEZib1EAqMUEUM7dTT7ZG3,1,0.02,0.018,4
TesseraV,shftkxnsXmqAkmLgz9Mn7bNB5Fr6mKgFc58kFHfVikj,2,0.02,0.018,4
TesseraV,5TGfVQV1S3wHE9hkgGaQkRoPC7xZxiqwMcjQZxVYsf1j,3,0.01,0.009,4
TesseraV,6XKqyUVUcpe3CNucjF6gk5zonJDqNGvob6kaTy4Ps1U,3,0.01,0.009,5
TesseraV,8augxYLUge2iWmitQMwbcBL5VQEpsM6aJdRofhwpnzyw,2,0.01,0.009,4
TesseraV,9rkJMARqK6VBkcxGfKBAwnA44gPAfGxPbPsfsggFNDSQ,2,0.01,0.009,3
TesseraV,BUv44cVtsdvU9z2BfFGk6s5JZZWrmVnq5qCaii5ARyyB,1,0.01,0.009,2
TesseraV,BtsmiEEvnSuUnKxqXj2PZRYpPJAc7C34mGz8gtJ1DAaH,1,0.01,0.009,3
TesseraV,E1r4Psq84tHfQ6aPTvvDka4U3u8zPVD7gEUrH25RdxHL,1,0.01,0.009,3
TesseraV,EXckihF3qmguH5znjhfzLvHsbk2E3nEW2DqNh4MMnDMm,2,0.01,0.009,3
TesseraV,GSTampk6BJRKSDkzhaMM49R7qRx98MTPYYWvKbp83XKc,3,0.01,0.009,5
TesseraV,HEL1USMZKAL2odpNBj2oCjffnFGaYwmbGmyewGv1e2TU,4,0.01,0.009,6
TesseraV,Ha1iade1AH3B12K9SccfWoPdFtQKKQsj2ZyWwxcjqJJU,1,0.01,0.009,2
TesseraV,Ninja1spj6n9t5hVYgF3PdnYz2PLnkt7rvaw3firmjs,1,0.01,0.009,3
TesseraV,PUmpKiNnSVAZ3w4KaFX6jKSjXUNHFShGkXbERo54xjb,1,0.01,0.009,3
TesseraV,U82KEYMnuCiZSQbvuCJTZ652HX9NQ63uNSnxyucshrk,1,0.01,0.009,2
TesseraV,bkpk9KVsDRfrArzzmkJ9mPEvbXfQxczzQYR3QMGiR8Z,1,0.01,0.009,2
TesseraV,ciTyjzN9iyobidMycjyqRRM7vXAHXkFzH3m8vEr6cQj,1,0.01,0.009,3
TesseraV,2gDeeRa3mwPPtw1CMWPkEhRWo9v5izNBBfEXanr8uibX,1,0.0,0.0,1
TesseraV,32ke3uf1qL3xLqbwzU76T2sbG2XaJrGuSCNdUnien3zm,1,0.0,0.0,1
TesseraV,574rvsKGZg8rBuSNX7k8gG2mHFvUMwt22sSgJJBMCQVy,1,0.0,0.0,1
TesseraV,5ZqveVffQPiUbkjBg4KD9kib1MKHLqiFno4ke9jSq9qk,2,0.0,0.0,1
TesseraV,5ejbTALcBsKQ7Cj1iSuu2mY5jqbYHqh9gF5ERXLiYj1z,1,0.0,0.0,1
TesseraV,6WgdYhhGE53WrZ7ywJA15hBVkw7CRbQ8yDBBTwmBtAHN,1,0.0,0.0,1
TesseraV,6yFGGAgYpBxgYPuHW4rv7hJmhKrUiXKyHkpVGaYtKrwE,1,0.0,0.0,1
TesseraV,722RdWmHC5TGXBjTejzNjbc8xEiduVDLqZvoUGz6Xzbp,1,0.0,0.0,1
TesseraV,7cVfgArCheMR6Cs4t6vz5rfnqd56vZq4ndaBrY5xkxXy,1,0.0,0.0,1
TesseraV,8uJiHDJ1b7UDQ4KFsQGJXK9nUCkokdKRJymg1Wy9nxvM,1,0.0,0.0,1
TesseraV,9iFPQbP1jGkj67sXg6YLLGRUBVEDMcapdS6jmCZSnz8R,1,0.0,0.0,0
TesseraV,BCeczqpTRPigndHVJu1KEzno1Uhb4hjrE7ttmAndrV1p,1,0.0,0.0,1
TesseraV,BXAxLMMMUNYfC1z166VjWHR3WjTmqzLxB837o5ghmRtH,1,0.0,0.0,1
TesseraV,DZv25oNCWFvGXu9tH63BiAXvG94syweGZhbvdN3HxDxT,1,0.0,0.0,1
TesseraV,EkvdKhULbMFqjKBKotAzGi3kwMvMpYNDKJXXQQmi6C1f,1,0.0,0.0,0
TesseraV,FWwwP9tNttSy9dJFxwf6ebXWfc6VJXqFNMTccrMiLFTH,1,0.0,0.0,1
TesseraV,G9vCpJUUSpEm4zPwzSNpDmZ8MGwLEbiSLV59EBzCGvzM,1,0.0,0.0,1
TesseraV,GQzMeEMwAR44ugoNCifTb5NdRKos1GduDUPeNh6AgV46,2,0.0,0.0,2
TesseraV,HnfPZDrbJFooiP9vvgWrjx3baXVNAZCgisT58gyMCgML,3,0.0,0.0,3
TesseraV,JupmVLmA8RoyTUbTMMuTtoPWHEiNQobxgTeGTrPNkzT,1,0.0,0.0,1
TesseraV,aXiomFkk6VzXaBhPuhMqTLZZguCFzzbyP9LTtZ7ZHLQ,2,0.0,0.0,2
TesseraV,ana2y2YvQ3ZPMwm6qhnN3nJoUSiT3qx5Pvetkq9xcfY,1,0.0,0.0,1
TesseraV,oPaLtitM6cwpFVzP2rDhLsJLdY2vcbuZiJJyD1TFUKs,1,0.0,0.0,1
TesseraV,pSoLoZx55zZz61gjxSTwHtwTg4yTwdm7ruBmyjbYgT2,1,0.0,0.0,1
TesseraV,q9XWcZ7T1wP4bW9SB4XgNNwjnFEJ982nE8aVbbNuwot,1,0.0,0.0,1
ZeroFi,BkoS26vBuaXnSowACdChi4WKid8UwmuPNhEJWa8KsLHd,3,0.64,0.5760000000000001,124
ZeroFi,2Mob8FJkb8chZY5pTBMpKfLwgZAQHE5i9jAC5zbASitD,3,0.42000000000000004,0.378,84
ZeroFi,DWvDTSh3qfn88UoQTEKRV2JnLt5jtJAVoiCo3ivtMwXP,7,0.32,0.28800000000000003,68
ZeroFi,shftkxnsXmqAkmLgz9Mn7bNB5Fr6mKgFc58kFHfVikj,2,0.28,0.252,55
ZeroFi,DrifTrN923QaouP89UxkQzFGbumKPCnfkNYQRwmZxatz,2,0.21,0.189,43
ZeroFi,JupmVLmA8RoyTUbTMMuTtoPWHEiNQobxgTeGTrPNkzT,3,0.12,0.108,27
ZeroFi,2uxEHizFmmnLekKG2LZJwxNabhpymEYfdVCpgDxjt87m,1,0.11,0.099,22
ZeroFi,GkFT5nmcFVmJiLwuE98PjdF3LReMeq4WbejFHfwrnsgw,1,0.11,0.099,23
ZeroFi,E1r4Psq84tHfQ6aPTvvDka4U3u8zPVD7gEUrH25RdxHL,2,0.11,0.09899999999999999,23
ZeroFi,76rcGHdPvgs8G1XrzCXUTWtwgT59AFDvpB4VbTS2TBBJ,2,0.1,0.09,21
ZeroFi,FBKFWadXZJahGtFitAsBvbqh5968gLY7dMBBJUoUjeNi,1,0.08,0.072,15
ZeroFi,HEL1USMZKAL2odpNBj2oCjffnFGaYwmbGmyewGv1e2TU,3,0.07,0.063,15
ZeroFi,4QNekaDqrLmUENqkVhGCJrgHziPxkX9kridbKwunx9su,2,0.06,0.054,13
ZeroFi,9rkJMARqK6VBkcxGfKBAwnA44gPAfGxPbPsfsggFNDSQ,2,0.06,0.054,14
ZeroFi,GSTampk6BJRKSDkzhaMM49R7qRx98MTPYYWvKbp83XKc,3,0.060000000000000005,0.054,14
ZeroFi,q9XWcZ7T1wP4bW9SB4XgNNwjnFEJ982nE8aVbbNuwot,3,0.05,0.045,13
ZeroFi,7CR3Jq4ny2tsr3DX3DvyjoU8TYs776MGkU6nLMWjAqCT,1,0.03,0.027,6
ZeroFi,EvnRmnMrd69kFdbLMxWkTn1icZ7DCceRhvmb2SJXqDo4,6,0.03,0.027,11
ZeroFi,CAo1dCGYrB6NhHh5xb1cGjUiu86iyCfMTENxgHumSve4,3,0.03,0.026999999999999996,8
ZeroFi,58KprHKFNHgH1Cvo4QwxWkDeJNaSQVteCoAAFUWjtESn,1,0.02,0.018,4
ZeroFi,5ZqveVffQPiUbkjBg4KD9kib1MKHLqiFno4ke9jSq9qk,2,0.02,0.018,5
ZeroFi,AWcCdYG7Dy6GX45c6QMPbgGwgRZPKcBDT4bXGb3QrVRV,1,0.02,0.018,4
ZeroFi,H8fHToVcZPi5bupGZohGPX2SWs8NHzgFKQ31wi5n6oux,1,0.02,0.018,4
ZeroFi,JD549HsbJHeEKKUrKgg4Fj2iyv2RGjsV7NTZjZUrHybB,2,0.02,0.018,5
ZeroFi,5EhGYUyQNrxgUbuYF4vbL2SZDT6RMfhq3yjeyevvULeC,1,0.01,0.009,3
ZeroFi,ACvL73V4GNnxPVfZ7K89jCrYurLyzpEuE9qirjvh2Xmi,1,0.01,0.009,2
ZeroFi,BSVckjdW2f8kcXPGcrPPtV9kUDBZ8w8PjrrGVnxgEdwq,1,0.01,0.009,3
ZeroFi,BXAxLMMMUNYfC1z166VjWHR3WjTmqzLxB837o5ghmRtH,1,0.01,0.009,3
ZeroFi,CwyVpfmfSiMeCexi3JgUNvaiDfYN14cLDjzT99zcBuD2,1,0.01,0.009,3
ZeroFi,FUNDTXgtnkfuhK6G6JUi5CzxPWeZNF9n96vFuBNGFy1v,1,0.01,0.009,2
ZeroFi,Fd7btgySsrjuo25CJCj7oE7VPMyezDhnx7pZkj2v69Nk,1,0.01,0.009,2
ZeroFi,HpcB5Qg8Y9E73dUkot5e8HkgAJbExsYeUzniY4bCuKac,1,0.01,0.009,3
ZeroFi,revtecFsGSRCdF29atQvchSXrjwBesA9vSisD4fyH5K,1,0.01,0.009,2
ZeroFi,aXiomFkk6VzXaBhPuhMqTLZZguCFzzbyP9LTtZ7ZHLQ,1,0.008,0.006,0
ZeroFi,43Am3PKFeo9cACpqYL5Sk95rpVdxLw3Mc22PqRqZXEW2,1,0.0,0.0,0
ZeroFi,5Cchr1XGEg7dbBXByV5NY2ad8jfxAM7HA3x8D56rq9Ux,1,0.0,0.0,1
ZeroFi,61QB1Evn9E3noQtpJm4auFYyHSXS5FPgqKtPgwJJfEQk,1,0.0,0.0,1
ZeroFi,6TkKqq15wXjqEjNg9zqTKADwuVATR9dW3rkNnsYme1ea,1,0.0,0.0,1
ZeroFi,6y7V8dL673XFzm9QyC5vvh3itWkp7wztahBd2yDqsyrK,1,0.0,0.0,1
ZeroFi,722RdWmHC5TGXBjTejzNjbc8xEiduVDLqZvoUGz6Xzbp,1,0.0,0.0,1
ZeroFi,7PdKhpKz7T39vZHFL1UfcYNDsLvay6hp4KPQq1aUckFf,1,0.0,0.0,0
ZeroFi,7QQGNm3ptwinipDCyaCF7jY5katgmFUu1ieP2f7nwLpE,1,0.0,0.0,1
ZeroFi,8T8AJfUCXwPFwEMmjca8gCRSktPrqbUBVa6ggNyhLhFJ,1,0.0,0.0,1
ZeroFi,8tjFeSApQ85ThoQXT28acfF2KUfQr3TvTdirSkzNnYC7,2,0.0,0.0,2
ZeroFi,9jxgosAfHgHzwnxsHw4RAZYaLVokMbnYtmiZBreynGFP,6,0.0,0.0,6
ZeroFi,9q16BB7WGmBxf1nJTdxH5zPnBUhtHqdqXqRFjSjuM4k7,1,0.0,0.0,1
ZeroFi,As9NxA9bCfhrVLAFyGeWG5X5iLYPGhU3R7nLfX3tN6am,1,0.0,0.0,1
ZeroFi,Aw5wEMXhbygFLR7jHtHpih8QvxVBGAMTqsQ2SjWPk1ex,2,0.0,0.0,2
ZeroFi,BtsmiEEvnSuUnKxqXj2PZRYpPJAc7C34mGz8gtJ1DAaH,1,0.0,0.0,1
ZeroFi,CaveyttUBTKttncu1e4RF814XjuoGfYv8cEsiKGDNCPX,1,0.0,0.0,1
ZeroFi,ChorusmmK7i1AxXeiTtQgQZhQNiXYU84ULeaYF1EH15n,1,0.0,0.0,1
ZeroFi,DRpbCBMxVnDK7maPM5tGv6MvB3v1sRMC86PZ8okm21hy,2,0.0,0.0,2
ZeroFi,DTSUkYHd2e9P2HLyZfbLarsbDdPhQUhZnWjRYuJZQRC8,2,0.0,0.0,2
ZeroFi,DtdSSG8ZJRZVv5Jx7K1MeWp7Zxcu19GD5wQRGRpQ9uMF,3,0.0,0.0,3
ZeroFi,EUcJwf7jXskRE6NZBtFPVH2EedNvNYko8LL2WT62XctB,1,0.0,0.0,1
ZeroFi,FZ4MT1HYJHd9GK8D5mJ9f3r7irLaDL5NxBNLjGqrLqs9,1,0.0,0.0,1
ZeroFi,FjYEr2UCeFzNfAKiFrbhG34Zv8LxbmfHYAFhAfc7SLQL,1,0.0,0.0,1
ZeroFi,G1bLKfyNm7zsmmYEL9dyxBvMtxpFcwy2s84bHDj2ZFUY,1,0.0,0.0,1
ZeroFi,G3a3iYZKNLbivothF3twqcaTCEvoPb9uJ2bFc9DNKkBQ,1,0.0,0.0,1
ZeroFi,GQzMeEMwAR44ugoNCifTb5NdRKos1GduDUPeNh6AgV46,1,0.0,0.0,1
ZeroFi,GmCxjmjKZoaKN1DKunbYq8RCYib94Nm3sHyncFfofaF5,1,0.0,0.0,1
ZeroFi,H9METtoxNp2PhcDNxXwqpzBarJw9zJezhzdDEFgBqv8w,1,0.0,0.0,1
ZeroFi,HbidP4hpQdwhkzrxder3x3VNPt6DQnE25gFG46napD2p,1,0.0,0.0,1
ZeroFi,Hz5aLvpKScNWoe9YZWxBLrQA3qzHJivBGtfciMekk8m5,1,0.0,0.0,1
ZeroFi,J6etcxDdYjPHrtyvDXrbCkx3q9W1UjMj1vy1jBFPJEbK,1,0.0,0.0,1
ZeroFi,Lake8NXDThihebhxS3Js7mFnj9fthmus93zEdsFNrsL,1,0.0,0.0,1
ZeroFi,Ninja1spj6n9t5hVYgF3PdnYz2PLnkt7rvaw3firmjs,1,0.0,0.0,1
ZeroFi,VQwCCSfW3o5NDx7n5FBr9SoYiLXVgetstHvaWBvv2YH,1,0.0,0.0,1
ZeroFi,ana2y2YvQ3ZPMwm6qhnN3nJoUSiT3qx5Pvetkq9xcfY,1,0.0,0.0,1
ZeroFi,bkpk9KVsDRfrArzzmkJ9mPEvbXfQxczzQYR3QMGiR8Z,1,0.0,0.0,1
ZeroFi,farbZXR7aBQSMCYiUXzoS4pRUsvuCZ38f6AXMXiKACf,1,0.0,0.0,1
ZeroFi,vALigXFg9wnnhVHN16vNxHxXtAXiBv5QjAE6udoniBY,1,0.0,0.0,0
